ID,SID,Citys,Titles,Address,REF,TEL,FAX,WWW,Region,RID,RIDS,ACC,MID,XID,LATQ,LNGQ,Elevation,Zoom,B_E,B_SYNC
1,"0","0","0","广东省深圳市南山区桃源街道龙珠六路塘朗山公园","0","0","0","0","0",0,0,1,4,3,22.56614225,113.9808368,0,0,0,0
2,"0","0","0","广东省深圳市宝安区石岩街道园径","0","0","0","0","0",0,0,1,4,3,22.68620526,113.9405252,0,0,0,0
3,"0","0","0","广东省深圳市南山区桃源街道林涧美院","0","0","0","0","0",0,0,1,4,3,22.57651183,113.957198,0,0,0,0
4,"0","0","0","广东省深圳市盐田区海山街道深圳广播电视大学沙头角分校梧桐山风景名胜区","0","0","0","0","0",0,0,1,4,3,22.56484081,114.2445711,0,0,0,0
5,"0","0","0","广东省深圳市南山区西丽街道万兴街8-2号松坪学校中学部","0","0","0","0","0",0,0,1,4,3,22.55888775,113.9507227,0,0,0,0
6,"0","0","0","广东省深圳市盐田区海山街道沙盐路2094号海山公园","0","0","0","0","0",0,0,1,4,3,22.55899906,114.2413174,0,0,0,0
7,"0","0","0","广东省深圳市南山区沙河街道波托菲诺纯水岸14期波托菲诺-纯水岸","0","0","0","0","0",0,0,1,4,3,22.54900371,113.9722597,0,0,0,0
8,"0","0","0","广东省深圳市南山区西丽街道沙河西路3013号白沙新兴产业园","0","0","0","0","0",0,0,1,4,3,22.56277351,113.9565735,0,0,0,0
9,"0","0","0","广东省深圳市南山区南山街道依云伴山恒立心海湾花园","0","0","0","0","0",0,0,1,4,3,22.50001192,113.8956606,0,0,0,0
10,"0","0","0","广东省深圳市南山区南头街道义学街2-3号","0","0","0","0","0",0,0,1,4,3,22.5437861,113.9239778,0,0,0,0
11,"0","0","0","广东省深圳市南山区粤海街道学林雅院","0","0","0","0","0",0,0,1,4,3,22.52486369,113.9308596,0,0,0,0
12,"0","0","0","广东省深圳市南山区粤海街道海德三道178号海岸城西座","0","0","0","0","0",0,0,1,4,3,22.519087,113.9358436,0,0,0,0
13,"0","0","0","广东省深圳市南山区沙河街道香山中街天鹅堡","0","0","0","0","0",0,0,1,4,3,22.54797243,113.977909,0,0,0,0
14,"0","0","0","广东省深圳市南山区粤海街道海逸苑","0","0","0","0","0",0,0,1,4,3,22.50616871,113.9314284,0,0,0,0
15,"0","0","0","广东省深圳市南山区招商街道天骄华庭","0","0","0","0","0",0,0,1,4,3,22.49962566,113.9365145,0,0,0,0
16,"0","0","0","广东省深圳市南山区南头街道南山大道南头商业步行街","0","0","0","0","0",0,0,1,4,3,22.54032142,113.9236456,0,0,0,0
17,"0","0","0","广东省深圳市南山区南山街道荔园大厦","0","0","0","0","0",0,0,1,4,3,22.52455419,113.9247319,0,0,0,0
18,"0","0","0","广东省深圳市南山区南山街道青青世界月亮湾公园","0","0","0","0","0",0,0,1,4,3,22.4981901,113.8984817,0,0,0,0
19,"0","0","0","广东省深圳市南山区沙河街道波托菲诺-纯水岸","0","0","0","0","0",0,0,1,4,3,22.54603946,113.9749684,0,0,0,0
20,"0","0","0","广东省深圳市南山区招商街道海月花园三期海月花园3期","0","0","0","0","0",0,0,1,4,3,22.49772892,113.9373377,0,0,0,0
21,"0","0","0","广东省深圳市南山区蛇口街道雍景轩税务小区","0","0","0","0","0",0,0,1,4,3,22.49416247,113.927139,0,0,0,0
22,"0","0","0","广东省深圳市南山区粤海街道文心四路学府中学","0","0","0","0","0",0,0,1,4,3,22.51592012,113.9356769,0,0,0,0
23,"0","0","0","广东省深圳市南山区粤海街道中心路","0","0","0","0","0",0,0,1,4,3,22.51578568,113.9420557,0,0,0,0
24,"0","0","0","广东省深圳市福田区香蜜湖街道天宝物华荔轩小学","0","0","0","0","0",0,0,1,4,3,22.54220963,114.0196493,0,0,0,0
25,"0","0","0","广东省深圳市福田区香蜜湖街道安托山大巴充电场","0","0","0","0","0",0,0,1,4,3,22.54458961,113.9986601,0,0,0,0
26,"0","0","0","广东省深圳市南山区蛇口街道全球鹰国际教育城后海雅园","0","0","0","0","0",0,0,1,4,3,22.49308313,113.9358391,0,0,0,0
27,"0","0","0","广东省深圳市南山区南山街道怡泰宾馆富嘉名阁","0","0","0","0","0",0,0,1,4,3,22.52488949,113.9191429,0,0,0,0
28,"0","0","0","广东省深圳市南山区粤海街道科苑北路东方科技大厦","0","0","0","0","0",0,0,1,4,3,22.54808582,113.9453119,0,0,0,0
29,"0","0","0","广东省深圳市南山区桃源街道龙珠六路十五峯花园","0","0","0","0","0",0,0,1,4,3,22.56470734,113.9820093,0,0,0,0
30,"0","0","0","广东省深圳市罗湖区东湖街道深圳水库","0","0","0","0","0",0,0,1,4,3,22.58193448,114.1563953,0,0,0,0
31,"0","0","0","广东省深圳市罗湖区黄贝街道文锦南路文锦大厦","0","0","0","0","0",0,0,1,4,3,22.54293611,114.1314072,0,0,0,0
32,"0","0","0","广东省深圳市南山区粤海街道海天一路深圳百度国际大厦","0","0","0","0","0",0,0,1,4,3,22.52394954,113.9434416,0,0,0,0
33,"0","0","0","广东省深圳市南山区粤海街道城市山谷新世界豪园别墅","0","0","0","0","0",0,0,1,4,3,22.55101305,113.9567446,0,0,0,0
34,"0","0","0","广东省深圳市罗湖区东湖街道丹平快速路","0","0","0","0","0",0,0,1,4,3,22.5829933,114.1471227,0,0,0,0
35,"0","0","0","广东省深圳市罗湖区黄贝街道文锦中路1018号-7海丽大厦","0","0","0","0","0",0,0,1,4,3,22.54927013,114.1317447,0,0,0,0
36,"0","0","0","广东省深圳市南山区粤海街道桂庙新村江淮轿车安诚瑞风店","0","0","0","0","0",0,0,1,4,3,22.52596134,113.9353993,0,0,0,0
37,"0","0","0","广东省深圳市龙华区黎岗村观澜湖黎光会所","0","0","0","0","0",0,0,1,4,3,22.7563793,114.0421356,0,0,0,0
38,"0","0","0","广东省深圳市龙岗区葵涌街道广深驾校葵涌分部","0","0","0","0","0",0,0,1,4,3,22.64144071,114.4227421,0,0,0,0
39,"0","0","0","广东省深圳市龙华区观平路229号","0","0","0","0","0",0,0,1,4,3,22.71166007,114.0728836,0,0,0,0
40,"0","0","0","广东省深圳市龙岗区布吉街道吉大花园布吉新村","0","0","0","0","0",0,0,1,4,3,22.60649323,114.1241536,0,0,0,0
41,"0","0","0","广东省深圳市龙岗区坂田街道坂田街道专职消防队(北站)","0","0","0","0","0",0,0,1,4,3,22.66229971,114.0729969,0,0,0,0
42,"0","0","0","广东省深圳市龙岗区横岗街道沙坪路","0","0","0","0","0",0,0,1,4,3,22.63539828,114.2263772,0,0,0,0
43,"0","0","0","广东省深圳市龙岗区龙岗街道斗方街龙岗村建材市场","0","0","0","0","0",0,0,1,4,3,22.73802844,114.264097,0,0,0,0
44,"0","0","0","广东省深圳市龙岗区南湾街道丹河北路","0","0","0","0","0",0,0,1,4,3,22.62558348,114.1549664,0,0,0,0
45,"0","0","0","广东省深圳市龙华区桦润馨居","0","0","0","0","0",0,0,1,4,3,22.65265496,114.0272292,0,0,0,0
46,"0","0","0","广东省深圳市宝安区公明街道长春北路210号永辉大厦(长春北路)","0","0","0","0","0",0,0,1,4,3,22.78892197,113.8966327,0,0,0,0
47,"0","0","0","广东省深圳市龙岗区龙城街道彩云路","0","0","0","0","0",0,0,1,4,3,22.70103564,114.2442921,0,0,0,0
48,"0","0","0","广东省深圳市龙岗区布吉街道浙新工业城","0","0","0","0","0",0,0,1,4,3,22.63154051,114.1214928,0,0,0,0
49,"0","0","0","广东省深圳市龙岗区横岗街道天虹商场(横岗店)","0","0","0","0","0",0,0,1,4,3,22.6417148,114.195533,0,0,0,0
50,"0","0","0","广东省深圳市坪山区和平路1-47号顺发大厦(和平路)","0","0","0","0","0",0,0,1,4,3,22.68940336,114.3454188,0,0,0,0
51,"0","0","0","广东省深圳市龙岗区坂田街道长发中路10号建明祥大厦","0","0","0","0","0",0,0,1,4,3,22.63010042,114.0638327,0,0,0,0
52,"0","0","0","广东省深圳市龙岗区坂田街道坂田街道专职消防队(北站)","0","0","0","0","0",0,0,1,4,3,22.66391673,114.0717177,0,0,0,0
53,"0","0","0","广东省深圳市坪山区宜卓路一巷宜卓路1巷6号","0","0","0","0","0",0,0,1,4,3,22.750664,114.378843,0,0,0,0
54,"0","0","0","广东省深圳市龙华区高尔夫大道112号","0","0","0","0","0",0,0,1,4,3,22.72272561,114.0738016,0,0,0,0
55,"0","0","0","广东省深圳市龙岗区横岗街道富民路34号","0","0","0","0","0",0,0,1,4,3,22.64138032,114.2299818,0,0,0,0
56,"0","0","0","广东省深圳市龙岗区坪地街道碧云街11号","0","0","0","0","0",0,0,1,4,3,22.77640754,114.3095878,0,0,0,0
57,"0","0","0","广东省深圳市宝安区新安街道宝安公园","0","0","0","0","0",0,0,1,4,3,22.58706534,113.9057614,0,0,0,0
58,"0","0","0","广东省深圳市龙岗区平湖街道凤凰大道340号御峰园","0","0","0","0","0",0,0,1,4,3,22.69339571,114.1474874,0,0,0,0
59,"0","0","0","广东省深圳市龙华区五和大道星河WORLD·银湖谷","0","0","0","0","0",0,0,1,4,3,22.6040497,114.0586138,0,0,0,0
60,"0","0","0","广东省深圳市龙岗区坂田街道中海·日辉台","0","0","0","0","0",0,0,1,4,3,22.6376364,114.0679162,0,0,0,0
61,"0","0","0","广东省深圳市龙岗区坂田街道坂雪岗大道1128号深圳大学师范学院附属坂田学校","0","0","0","0","0",0,0,1,4,3,22.65788521,114.0747723,0,0,0,0
62,"0","0","0","广东省深圳市龙岗区南湾街道裕昌路吉厦文化广场","0","0","0","0","0",0,0,1,4,3,22.61781817,114.1572608,0,0,0,0
63,"0","0","0","广东省深圳市龙岗区葵涌街道广深驾校葵涌分部","0","0","0","0","0",0,0,1,4,3,22.64144071,114.4227421,0,0,0,0
64,"0","0","0","广东省深圳市龙岗区坪地街道教育北路86号","0","0","0","0","0",0,0,1,4,3,22.78139876,114.3008065,0,0,0,0
65,"0","0","0","广东省深圳市龙岗区龙岗街道公园路八仙岭公园","0","0","0","0","0",0,0,1,4,3,22.72294122,114.2777156,0,0,0,0
66,"0","0","0","广东省深圳市龙岗区横岗街道坳园路","0","0","0","0","0",0,0,1,4,3,22.67470711,114.2209333,0,0,0,0
67,"0","0","0","广东省深圳市龙华区锦绣新村(三联路)","0","0","0","0","0",0,0,1,4,3,22.66283814,114.0263974,0,0,0,0
68,"0","0","0","广东省深圳市龙岗区坂田街道中浩一路2号","0","0","0","0","0",0,0,1,4,3,22.65776972,114.0794934,0,0,0,0
69,"0","0","0","广东省深圳市龙岗区横岗街道广达路46号鸿景生(煜昌)工业园","0","0","0","0","0",0,0,1,4,3,22.65691327,114.2100928,0,0,0,0
70,"0","0","0","广东省深圳市宝安区沙井街道立岗南路t1号","0","0","0","0","0",0,0,1,4,3,22.73859039,113.8184493,0,0,0,0
71,"0","0","0","广东省深圳市龙岗区龙岗街道新布新路","0","0","0","0","0",0,0,1,4,3,22.71636331,114.322257,0,0,0,0
72,"0","0","0","广东省深圳市福田区沙头街道祠堂村住宅楼绿景新苑","0","0","0","0","0",0,0,1,4,3,22.52331401,114.0466386,0,0,0,0
73,"0","0","0","广东省深圳市龙岗区横岗街道龙岗大道","0","0","0","0","0",0,0,1,4,3,22.65301422,114.2124549,0,0,0,0
74,"0","0","0","广东省深圳市福田区福田街道宝兴楼福胜阁","0","0","0","0","0",0,0,1,4,3,22.5331754,114.0831342,0,0,0,0
75,"0","0","0","广东省深圳市龙岗区布吉街道深港众一昊驾校罗岗综合性训练场","0","0","0","0","0",0,0,1,4,3,22.59955905,114.130363,0,0,0,0
76,"0","0","0","广东省深圳市宝安区石岩街道应人石路羊台山森林公园","0","0","0","0","0",0,0,1,4,3,22.65027837,113.9366241,0,0,0,0
77,"0","0","0","广东省深圳市龙岗区龙岗街道地上铁租车(乐兴)充电站","0","0","0","0","0",0,0,1,4,3,22.73782038,114.2858901,0,0,0,0
78,"0","0","0","广东省深圳市宝安区沙井街道立岗南路t1号","0","0","0","0","0",0,0,1,4,3,22.73859039,113.8184493,0,0,0,0
79,"0","0","0","广东省深圳市宝安区光明街道马池田","0","0","0","0","0",0,0,1,4,3,22.74300109,113.9950401,0,0,0,0
80,"0","0","0","广东省深圳市龙华区油梅一路","0","0","0","0","0",0,0,1,4,3,22.63495417,114.0448196,0,0,0,0
81,"0","0","0","广东省深圳市龙华区明华工业园","0","0","0","0","0",0,0,1,4,3,22.75139338,114.0262399,0,0,0,0
82,"0","0","0","广东省深圳市龙岗区南湾街道龙山路46号","0","0","0","0","0",0,0,1,4,3,22.61556463,114.1524159,0,0,0,0
83,"0","0","0","广东省深圳市龙华区华霆路15号","0","0","0","0","0",0,0,1,4,3,22.68447006,114.000085,0,0,0,0
84,"0","0","0","广东省深圳市龙华区大浪南路55号","0","0","0","0","0",0,0,1,4,3,22.6651428,114.0200019,0,0,0,0
85,"0","0","0","广东省深圳市宝安区福永街道大洋花园","0","0","0","0","0",0,0,1,4,3,22.69331552,113.8170784,0,0,0,0
86,"0","0","0","广东省深圳市宝安区松岗街道东方一路","0","0","0","0","0",0,0,1,4,3,22.75600203,113.8513612,0,0,0,0
87,"0","0","0","广东省深圳市宝安区沙井街道金汇雅园同方中心","0","0","0","0","0",0,0,1,4,3,22.73335619,113.8312919,0,0,0,0
88,"0","0","0","广东省深圳市宝安区公明街道公常路891号","0","0","0","0","0",0,0,1,4,3,22.7778578,113.9170043,0,0,0,0
89,"0","0","0","广东省深圳市宝安区福永街道接福路77-1号","0","0","0","0","0",0,0,1,4,3,22.70597175,113.8079954,0,0,0,0
90,"0","0","0","广东省深圳市宝安区石岩街道创业路15号","0","0","0","0","0",0,0,1,4,3,22.70466497,113.9726899,0,0,0,0
91,"0","0","0","广东省深圳市龙华区清龙路","0","0","0","0","0",0,0,1,4,3,22.65204961,114.0535937,0,0,0,0
92,"0","0","0","广东省深圳市龙华区桂澜路21号","0","0","0","0","0",0,0,1,4,3,22.72133411,114.0616196,0,0,0,0
93,"0","0","0","广东省深圳市宝安区福永街道美华路","0","0","0","0","0",0,0,1,4,3,22.68008861,113.8347861,0,0,0,0
94,"0","0","0","广东省深圳市宝安区福永街道宝安大道","0","0","0","0","0",0,0,1,4,3,22.70874974,113.8160543,0,0,0,0
95,"0","0","0","广东省深圳市宝安区西乡街道宝兴工业区平峦山公园","0","0","0","0","0",0,0,1,4,3,22.60766979,113.8685312,0,0,0,0
96,"0","0","0","广东省深圳市龙华区观光路64号","0","0","0","0","0",0,0,1,4,3,22.72710367,114.0613819,0,0,0,0
97,"0","0","0","广东省深圳市宝安区福永街道时代景苑","0","0","0","0","0",0,0,1,4,3,22.67955589,113.8329385,0,0,0,0
98,"0","0","0","广东省深圳市宝安区福永街道瑞和楼白石厦幼儿园","0","0","0","0","0",0,0,1,4,3,22.67509773,113.822362,0,0,0,0
99,"0","0","0","广东省深圳市宝安区沙井街道金汇雅园同方中心","0","0","0","0","0",0,0,1,4,3,22.73335619,113.8312919,0,0,0,0
100,"0","0","0","广东省深圳市龙华区梅龙大道樟坑3区","0","0","0","0","0",0,0,1,4,3,22.61177508,114.0380587,0,0,0,0
101,"0","0","0","广东省深圳市龙华区观光路1138号","0","0","0","0","0",0,0,1,4,3,22.73006657,114.0666477,0,0,0,0
102,"0","0","0","广东省深圳市宝安区石岩街道应人石路590号羊台山森林公园","0","0","0","0","0",0,0,1,4,3,22.65235376,113.9299125,0,0,0,0
103,"0","0","0","广东省深圳市龙华区大布头路39号","0","0","0","0","0",0,0,1,4,3,22.71365257,114.0652375,0,0,0,0
104,"0","0","0","广东省深圳市宝安区新安街道卡罗社区(裕安一路)","0","0","0","0","0",0,0,1,4,3,22.56073431,113.8900779,0,0,0,0
105,"0","0","0","广东省深圳市宝安区福永街道福永大道78-3号","0","0","0","0","0",0,0,1,4,3,22.67343353,113.8257052,0,0,0,0
106,"0","0","0","广东省深圳市龙岗区布吉街道信义·荔山公馆理想家园","0","0","0","0","0",0,0,1,4,3,22.59155498,114.1259102,0,0,0,0
107,"0","0","0","广东省深圳市宝安区石岩街道洲石公路","0","0","0","0","0",0,0,1,4,3,22.670522,113.9235611,0,0,0,0
108,"0","0","0","广东省深圳市宝安区福永街道岑下路凤凰高级公寓","0","0","0","0","0",0,0,1,4,3,22.70038707,113.8449026,0,0,0,0
109,"0","0","0","广东省深圳市宝安区新安街道新安湖花园(前进一路)","0","0","0","0","0",0,0,1,4,3,22.56350361,113.9068948,0,0,0,0
110,"0","0","0","广东省深圳市宝安区石岩街道东长路","0","0","0","0","0",0,0,1,4,3,22.70743279,113.9300131,0,0,0,0
111,"0","0","0","广东省深圳市宝安区西乡街道中信宝光电产业园","0","0","0","0","0",0,0,1,4,3,22.6335575,113.8513604,0,0,0,0
112,"0","0","0","广东省深圳市宝安区新安街道海富一巷73-1号华丰新安商务大厦","0","0","0","0","0",0,0,1,4,3,22.56419251,113.8961664,0,0,0,0
113,"0","0","0","广东省深圳市龙华区和平路64号","0","0","0","0","0",0,0,1,4,3,22.66919267,114.0384117,0,0,0,0
114,"0","0","0","广东省深圳市宝安区西乡街道铁仔山公园","0","0","0","0","0",0,0,1,4,3,22.59628077,113.8550628,0,0,0,0
115,"0","0","0","广东省深圳市宝安区福永街道大洋路","0","0","0","0","0",0,0,1,4,3,22.68518823,113.8115675,0,0,0,0
116,"0","0","0","广东省深圳市龙华区华侨山庄","0","0","0","0","0",0,0,1,4,3,22.70700814,114.0967766,0,0,0,0
117,"0","0","0","广东省深圳市龙华区观光路1134号","0","0","0","0","0",0,0,1,4,3,22.730349,114.068783,0,0,0,0
118,"0","0","0","广东省深圳市宝安区西乡街道文卫路99号平峦山公园","0","0","0","0","0",0,0,1,4,3,22.607611,113.8698943,0,0,0,0
119,"0","0","0","广东省深圳市宝安区新安街道上川路","0","0","0","0","0",0,0,1,4,3,22.58488076,113.913275,0,0,0,0
120,"0","0","0","广东省深圳市宝安区新安街道创业一路海天花园(翻身路)","0","0","0","0","0",0,0,1,4,3,22.5609901,113.894563,0,0,0,0
121,"0","0","0","广东省深圳市龙岗区龙岗街道惠园街15号","0","0","0","0","0",0,0,1,4,3,22.73565178,114.280464,0,0,0,0
122,"0","0","0","广东省深圳市宝安区西乡街道流塘路62号流塘小学","0","0","0","0","0",0,0,1,4,3,22.58194314,113.8880166,0,0,0,0
123,"0","0","0","广东省深圳市宝安区新安街道上川路469号宝安公园","0","0","0","0","0",0,0,1,4,3,22.58297289,113.9071834,0,0,0,0
124,"0","0","0","广东省深圳市南山区南头街道聚和轩南头古城","0","0","0","0","0",0,0,1,4,3,22.54138954,113.9191104,0,0,0,0
125,"0","0","0","广东省深圳市宝安区松岗街道新岗路深圳市松岗中英文实验学校","0","0","0","0","0",0,0,1,4,3,22.77040177,113.8551161,0,0,0,0
126,"0","0","0","广东省广州市增城区新塘镇长巷路","0","0","0","0","0",0,0,1,4,3,23.16769035,113.6651728,0,0,0,0
127,"0","0","0","广东省广州市天河区长兴街道广州市汽车驾驶员培训中心","0","0","0","0","0",0,0,1,4,3,23.16549805,113.3875901,0,0,0,0
128,"0","0","0","广东省广州市天河区五山街道东莞庄路169号","0","0","0","0","0",0,0,1,4,3,23.159336,113.3387113,0,0,0,0
129,"0","0","0","广东省广州市天河区新塘街道广东岭南职业技术学院","0","0","0","0","0",0,0,1,4,3,23.16878915,113.4199598,0,0,0,0
130,"0","0","0","广东省广州市天河区石牌街道暨南大学何耀光土木工程实验楼暨南大学(广州石牌校区)","0","0","0","0","0",0,0,1,4,3,23.12849295,113.3506186,0,0,0,0
131,"0","0","0","广东省广州市天河区黄村街道湘村馆(奥体高徳汇店)优托邦购物中心(奥体中心店)","0","0","0","0","0",0,0,1,4,3,23.13070225,113.4162609,0,0,0,0
132,"0","0","0","广东省广州市天河区棠下街道天坤二路","0","0","0","0","0",0,0,1,4,3,23.13822079,113.3894867,0,0,0,0
133,"0","0","0","广东省广州市增城区永宁街道蔗岭","0","0","0","0","0",0,0,1,4,3,23.18611685,113.5974857,0,0,0,0
134,"0","0","0","广东省广州市天河区黄村街道黄村大道38号天雅居(黄村路)","0","0","0","0","0",0,0,1,4,3,23.12401896,113.411547,0,0,0,0
135,"0","0","0","广东省广州市天河区棠下街道棠下西沙一巷","0","0","0","0","0",0,0,1,4,3,23.1381659,113.3728361,0,0,0,0
136,"0","0","0","广东省广州市天河区凤凰街道上新村九号大院","0","0","0","0","0",0,0,1,4,3,23.19967301,113.406847,0,0,0,0
137,"0","0","0","广东省广州市天河区员村街道东璟花园东璟幼儿园","0","0","0","0","0",0,0,1,4,3,23.12248087,113.3611249,0,0,0,0
138,"0","0","0","广东省广州市天河区龙洞街道龙洞北路190号","0","0","0","0","0",0,0,1,4,3,23.20013915,113.374909,0,0,0,0
139,"0","0","0","广东省广州市黄埔区南岗街道富南路佳兆业城市广场","0","0","0","0","0",0,0,1,4,3,23.10125022,113.5484367,0,0,0,0
140,"0","0","0","广东省广州市增城区新塘镇陈家林路","0","0","0","0","0",0,0,1,4,3,23.12486646,113.5614453,0,0,0,0
141,"0","0","0","广东省广州市黄埔区红山街道华坑路96号龙头山森林公园","0","0","0","0","0",0,0,1,4,3,23.10871181,113.4928846,0,0,0,0
142,"0","0","0","广东省广州市天河区黄村街道黄村大道2号天河润农商务中心(黄村路)","0","0","0","0","0",0,0,1,4,3,23.12431564,113.4081151,0,0,0,0
143,"0","0","0","广东省广州市天河区兴华街道广州市城市管理机械化作业中心广环大厦","0","0","0","0","0",0,0,1,4,3,23.16751438,113.3379544,0,0,0,0
144,"0","0","0","广东省广州市天河区车陂街道车陂西路","0","0","0","0","0",0,0,1,4,3,23.13544204,113.390008,0,0,0,0
145,"0","0","0","广东省广州市天河区林和街道骏源大厦","0","0","0","0","0",0,0,1,4,3,23.13680577,113.3315495,0,0,0,0
146,"0","0","0","广东省广州市天河区前进街道乐都汇(力子园路)","0","0","0","0","0",0,0,1,4,3,23.11593032,113.4204891,0,0,0,0
147,"0","0","0","广东省广州市天河区五山街道东莞庄路华南理工大学(五山校区)","0","0","0","0","0",0,0,1,4,3,23.16189407,113.3433346,0,0,0,0
148,"0","0","0","广东省广州市黄埔区大沙街道丰乐北路74号银丰花园","0","0","0","0","0",0,0,1,4,3,23.10979739,113.4534484,0,0,0,0
149,"0","0","0","广东省广州市黄埔区大沙街道丰乐北路74号银丰花园","0","0","0","0","0",0,0,1,4,3,23.10975809,113.4534812,0,0,0,0
150,"0","0","0","广东省广州市黄埔区联和街道广汕公路","0","0","0","0","0",0,0,1,4,3,23.19090473,113.4492017,0,0,0,0
151,"0","0","0","广东省广州市黄埔区红山街道华坑路96号龙头山森林公园","0","0","0","0","0",0,0,1,4,3,23.10871181,113.4928846,0,0,0,0
152,"0","0","0","广东省广州市黄埔区红山街道远洋路14号","0","0","0","0","0",0,0,1,4,3,23.09982822,113.4849635,0,0,0,0
153,"0","0","0","广东省广州市黄埔区长洲街道长洲路105号","0","0","0","0","0",0,0,1,4,3,23.07978943,113.429745,0,0,0,0
154,"0","0","0","广东省广州市黄埔区东区街道宏远路9号","0","0","0","0","0",0,0,1,4,3,23.11810119,113.5442171,0,0,0,0
155,"0","0","0","广东省广州市黄埔区红山街道华坑路96号龙头山森林公园","0","0","0","0","0",0,0,1,4,3,23.10871181,113.4928846,0,0,0,0
156,"0","0","0","广东省广州市黄埔区红山街道远洋路45号龙头山森林公园","0","0","0","0","0",0,0,1,4,3,23.10112473,113.4872412,0,0,0,0
157,"0","0","0","广东省广州市黄埔区东区街道瑞祥路3号","0","0","0","0","0",0,0,1,4,3,23.14872294,113.5152914,0,0,0,0
158,"0","0","0","广东省广州市番禺区洛浦街道洛溪大路48号","0","0","0","0","0",0,0,1,4,3,23.0479764,113.2892933,0,0,0,0
159,"0","0","0","广东省广州市海珠区滨江街道滨江街劳动和社会保障服务中心","0","0","0","0","0",0,0,1,4,3,23.11114068,113.2782409,0,0,0,0
160,"0","0","0","广东省广州市番禺区大龙街道亚运大道","0","0","0","0","0",0,0,1,4,3,22.9345908,113.4167995,0,0,0,0
161,"0","0","0","广东省广州市白云区钟落潭镇095乡道","0","0","0","0","0",0,0,1,4,3,23.39690863,113.3475114,0,0,0,0
162,"0","0","0","广东省广州市黄埔区南岗街道黄埔东路3863号","0","0","0","0","0",0,0,1,4,3,23.09138071,113.5316771,0,0,0,0
163,"0","0","0","广东省广州市白云区永平街道元下田二路六巷1号","0","0","0","0","0",0,0,1,4,3,23.21565299,113.3005692,0,0,0,0
164,"0","0","0","广东省广州市番禺区石基镇938乡道","0","0","0","0","0",0,0,1,4,3,22.96099325,113.4427752,0,0,0,0
165,"0","0","0","广东省广州市白云区石井街道谊森家居南悦花苑","0","0","0","0","0",0,0,1,4,3,23.21280913,113.2563331,0,0,0,0
166,"0","0","0","广东省广州市白云区太和镇太和吉顺水泥制品厂","0","0","0","0","0",0,0,1,4,3,23.29451408,113.3313063,0,0,0,0
167,"0","0","0","广东省广州市白云区石井街道地利窑","0","0","0","0","0",0,0,1,4,3,23.23745771,113.2042653,0,0,0,0
168,"0","0","0","广东省广州市白云区钟落潭镇童庄","0","0","0","0","0",0,0,1,4,3,23.37184576,113.3603993,0,0,0,0
169,"0","0","0","广东省广州市白云区钟落潭镇蟠龙路","0","0","0","0","0",0,0,1,4,3,23.38627895,113.410599,0,0,0,0
170,"0","0","0","广东省广州市白云区太和镇长岭东街","0","0","0","0","0",0,0,1,4,3,23.25778406,113.3199932,0,0,0,0
171,"0","0","0","广东省广州市荔湾区海龙街道龙溪中路70号保利·紫林香苑","0","0","0","0","0",0,0,1,4,3,23.08029132,113.2042061,0,0,0,0
172,"0","0","0","广东省广州市白云区石井街道谊森家居南悦花苑","0","0","0","0","0",0,0,1,4,3,23.21280913,113.2563331,0,0,0,0
173,"0","0","0","广东省广州市白云区均禾街道石加石马四社工业区D区富力城北区","0","0","0","0","0",0,0,1,4,3,23.25231339,113.2640936,0,0,0,0
174,"0","0","0","广东省广州市白云区均禾街道大布路57号","0","0","0","0","0",0,0,1,4,3,23.26171206,113.2736317,0,0,0,0
175,"0","0","0","广东省广州市白云区新市街道林建育牙科诊所","0","0","0","0","0",0,0,1,4,3,23.19657146,113.248218,0,0,0,0
176,"0","0","0","广东省广州市白云区石井街道滘心路s303号","0","0","0","0","0",0,0,1,4,3,23.23376317,113.2234607,0,0,0,0
177,"0","0","0","广东省深圳市宝安区西乡街道固戍二路水产工业园","0","0","0","0","0",0,0,1,4,3,22.60495971,113.8575896,0,0,0,0
178,"0","0","0","广东省广州市南沙区南沙街道竹山街","0","0","0","0","0",0,0,1,4,3,22.75034263,113.5835226,0,0,0,0
179,"0","0","0","广东省广州市荔湾区石围塘街道广州市健之乐茶厂有限公司","0","0","0","0","0",0,0,1,4,3,23.11295796,113.2185961,0,0,0,0
180,"0","0","0","广东省广州市越秀区大塘街道建银大厦(法政路)","0","0","0","0","0",0,0,1,4,3,23.13175901,113.275758,0,0,0,0
181,"0","0","0","广东省广州市越秀区华乐街道淘金路135号","0","0","0","0","0",0,0,1,4,3,23.1404539,113.2885119,0,0,0,0
182,"0","0","0","广东省广州市天河区珠吉街道大灵山路18号第8栋广州市珠村裕景工业园","0","0","0","0","0",0,0,1,4,3,23.12882385,113.4224455,0,0,0,0
183,"0","0","0","广东省广州市天河区棠下街道棠下西沙一巷","0","0","0","0","0",0,0,1,4,3,23.1381659,113.3728361,0,0,0,0
184,"0","0","0","广东省广州市越秀区黄花岗街道环市东路497号东都","0","0","0","0","0",0,0,1,4,3,23.13534304,113.3037146,0,0,0,0
185,"0","0","0","广东省广州市越秀区登峰街道恒福苑(恒福路)恒福苑东区","0","0","0","0","0",0,0,1,4,3,23.14416119,113.2937609,0,0,0,0
186,"0","0","0","广东省广州市越秀区黄花岗街道环市东路507号出版大楼","0","0","0","0","0",0,0,1,4,3,23.13508872,113.3087933,0,0,0,0
187,"0","0","0","广东省广州市天河区石牌街道南湖鱼塘暨南大学(广州石牌校区)","0","0","0","0","0",0,0,1,4,3,23.12912268,113.3502696,0,0,0,0
188,"0","0","0","广东省广州市天河区石牌街道中山大道西暨南大学(广州石牌校区)","0","0","0","0","0",0,0,1,4,3,23.13559919,113.3507531,0,0,0,0
189,"0","0","0","广东省广州市南沙区东涌镇农业一街102号","0","0","0","0","0",0,0,1,4,3,22.89140037,113.4634086,0,0,0,0
190,"0","0","0","广东省广州市天河区石牌街道天河路111号","0","0","0","0","0",0,0,1,4,3,23.1324472,113.3398257,0,0,0,0
191,"0","0","0","广东省广州市天河区车陂街道特来电汽车充电站(广州同发汽车租赁)","0","0","0","0","0",0,0,1,4,3,23.13782219,113.3913207,0,0,0,0
192,"0","0","0","广东省广州市天河区林和街道中国建设银行(广州直属支行)德荣小区","0","0","0","0","0",0,0,1,4,3,23.13708468,113.3341858,0,0,0,0
193,"0","0","0","广东省广州市白云区京溪街道京龙汽修厂","0","0","0","0","0",0,0,1,4,3,23.19965405,113.3471287,0,0,0,0
194,"0","0","0","广东省广州市天河区新塘街道新塘新园新街一横路","0","0","0","0","0",0,0,1,4,3,23.16281868,113.418328,0,0,0,0
195,"0","0","0","广东省广州市天河区兴华街道燕岭路412号广州市银河烈士陵园","0","0","0","0","0",0,0,1,4,3,23.16213347,113.3362425,0,0,0,0
196,"0","0","0","广东省广州市天河区长兴街道长湴东路133号","0","0","0","0","0",0,0,1,4,3,23.17452179,113.3590439,0,0,0,0
197,"0","0","0","广东省广州市天河区棠下街道广园快速路","0","0","0","0","0",0,0,1,4,3,23.13963001,113.373441,0,0,0,0
198,"0","0","0","广东省广州市南沙区黄阁镇257省道黄阁中学","0","0","0","0","0",0,0,1,4,3,22.82926076,113.5128066,0,0,0,0
199,"0","0","0","广东省广州市南沙区南沙街道登山路星河丹堤","0","0","0","0","0",0,0,1,4,3,22.77403434,113.5634849,0,0,0,0
200,"0","0","0","广东省广州市南沙区南沙街道新港路12号","0","0","0","0","0",0,0,1,4,3,22.76096874,113.5670518,0,0,0,0
201,"0","0","0","广东省广州市荔湾区东沙街道桥北街","0","0","0","0","0",0,0,1,4,3,23.06873266,113.2597245,0,0,0,0
202,"0","0","0","广东省广州市花都区新华街道秀全大道","0","0","0","0","0",0,0,1,4,3,23.38043854,113.2148083,0,0,0,0
203,"0","0","0","广东省广州市荔湾区东沙街道桥北街","0","0","0","0","0",0,0,1,4,3,23.06832244,113.259826,0,0,0,0
204,"0","0","0","广东省广州市南沙区南沙街道惠盛街17号","0","0","0","0","0",0,0,1,4,3,22.80661724,113.5538411,0,0,0,0
205,"0","0","0","广东省广州市南沙区南沙街道东坑","0","0","0","0","0",0,0,1,4,3,22.80808312,113.5540935,0,0,0,0
206,"0","0","0","广东省广州市南沙区南沙街道惠盛街19号","0","0","0","0","0",0,0,1,4,3,22.8075467,113.5521662,0,0,0,0
207,"0","0","0","广东省广州市南沙区南沙街道环市大道南","0","0","0","0","0",0,0,1,4,3,22.75155653,113.5823006,0,0,0,0
208,"0","0","0","广东省广州市南沙区横沥镇工业路","0","0","0","0","0",0,0,1,4,3,22.73722496,113.49332,0,0,0,0
209,"0","0","0","广东省广州市南沙区南沙街道竹山街","0","0","0","0","0",0,0,1,4,3,22.75149396,113.5830112,0,0,0,0
210,"0","0","0","广东省广州市黄埔区红山街道华坑路96号龙头山森林公园","0","0","0","0","0",0,0,1,4,3,23.10871181,113.4928846,0,0,0,0
211,"0","0","0","广东省广州市白云区松洲街道金广电小区","0","0","0","0","0",0,0,1,4,3,23.14381101,113.225977,0,0,0,0
212,"0","0","0","广东省广州市花都区狮岭镇祥丰北路康政小区","0","0","0","0","0",0,0,1,4,3,23.45231332,113.1865032,0,0,0,0
213,"0","0","0","广东省广州市白云区人和镇武夷住宿白云区人和镇西成村工业区","0","0","0","0","0",0,0,1,4,3,23.33873201,113.287509,0,0,0,0
214,"0","0","0","广东省广州市花都区狮岭镇金狮大道西3号","0","0","0","0","0",0,0,1,4,3,23.46633279,113.159492,0,0,0,0
215,"0","0","0","广东省广州市白云区松洲街道富力半岛富力半岛花园","0","0","0","0","0",0,0,1,4,3,23.14217367,113.2258303,0,0,0,0
216,"0","0","0","广东省广州市花都区新华街道朱村东路","0","0","0","0","0",0,0,1,4,3,23.37477577,113.1788848,0,0,0,0
217,"0","0","0","广东省广州市花都区狮岭镇体育路","0","0","0","0","0",0,0,1,4,3,23.4707977,113.1623173,0,0,0,0
218,"0","0","0","广东省广州市越秀区六榕街道流花湖公园","0","0","0","0","0",0,0,1,4,3,23.13697262,113.2511805,0,0,0,0
219,"0","0","0","广东省广州市花都区花山镇子岭路","0","0","0","0","0",0,0,1,4,3,23.45673194,113.2818311,0,0,0,0
220,"0","0","0","广东省广州市花都区新华街道公益路116号骏威广场","0","0","0","0","0",0,0,1,4,3,23.39286447,113.2168771,0,0,0,0
221,"0","0","0","广东省广州市花都区狮岭镇康济大药房","0","0","0","0","0",0,0,1,4,3,23.45948327,113.1906655,0,0,0,0
222,"0","0","0","广东省广州市南沙区珠江街道新兴路万顷沙市场","0","0","0","0","0",0,0,1,4,3,22.71023017,113.5528912,0,0,0,0
223,"0","0","0","广东省广州市花都区狮岭镇盘古路103号","0","0","0","0","0",0,0,1,4,3,23.46689744,113.1568477,0,0,0,0
224,"0","0","0","广东省广州市花都区新华街道世纪中英文幼儿园(建侨路)侨滨苑","0","0","0","0","0",0,0,1,4,3,23.39484028,113.2214471,0,0,0,0
225,"0","0","0","广东省广州市花都区炭步镇118省道","0","0","0","0","0",0,0,1,4,3,23.33887144,113.1110649,0,0,0,0
226,"0","0","0","广东省广州市花都区狮岭镇264县道","0","0","0","0","0",0,0,1,4,3,23.4739307,113.2286618,0,0,0,0
227,"0","0","0","广东省广州市花都区花山镇新和大道","0","0","0","0","0",0,0,1,4,3,23.4153625,113.2559812,0,0,0,0
228,"0","0","0","广东省广州市花都区新华街道龙珠路75号永大新城","0","0","0","0","0",0,0,1,4,3,23.39620146,113.2148232,0,0,0,0
229,"0","0","0","广东省广州市花都区新华街道公益路","0","0","0","0","0",0,0,1,4,3,23.40499354,113.2185644,0,0,0,0
230,"0","0","0","广东省广州市海珠区瑞宝街道新滘西路","0","0","0","0","0",0,0,1,4,3,23.07562227,113.2882907,0,0,0,0
231,"0","0","0","广东省广州市花都区新华街道新华路20-12号花都浩新综合批发市场","0","0","0","0","0",0,0,1,4,3,23.37243417,113.2076071,0,0,0,0
232,"0","0","0","广东省广州市花都区狮岭镇杨庭路","0","0","0","0","0",0,0,1,4,3,23.42583117,113.2080568,0,0,0,0
233,"0","0","0","广东省广州市花都区新华街道得哥客家美食(花都店)","0","0","0","0","0",0,0,1,4,3,23.39841078,113.2515307,0,0,0,0
234,"0","0","0","广东省广州市花都区新华街道新华街五华小学","0","0","0","0","0",0,0,1,4,3,23.38959437,113.2094492,0,0,0,0
235,"0","0","0","广东省广州市花都区新华街道公益安置区","0","0","0","0","0",0,0,1,4,3,23.40380215,113.2090908,0,0,0,0
236,"0","0","0","广东省广州市花都区新华街道广州市花都区雅斯幼儿园","0","0","0","0","0",0,0,1,4,3,23.39508831,113.2092329,0,0,0,0
237,"0","0","0","广东省广州市荔湾区冲口街道芳村大道东广州市脑科医院","0","0","0","0","0",0,0,1,4,3,23.09692801,113.239735,0,0,0,0
238,"0","0","0","广东省广州市花都区新华街道茶园中路美力商务大厦","0","0","0","0","0",0,0,1,4,3,23.40841281,113.2127554,0,0,0,0
239,"0","0","0","广东省广州市海珠区赤岗街道南方医科大学中西医结合医院生活服务中心南方医科大学南校区","0","0","0","0","0",0,0,1,4,3,23.09187146,113.3378758,0,0,0,0
240,"0","0","0","广东省广州市花都区新华街道世纪中英文幼儿园(建侨路)侨滨苑","0","0","0","0","0",0,0,1,4,3,23.39484028,113.2214471,0,0,0,0
241,"0","0","0","广东省广州市海珠区赤岗街道新港东路500号","0","0","0","0","0",0,0,1,4,3,23.09537864,113.340586,0,0,0,0
242,"0","0","0","广东省广州市花都区新华街道广州普华灵动机器人技术有限公司","0","0","0","0","0",0,0,1,4,3,23.40649056,113.1696376,0,0,0,0
243,"0","0","0","广东省广州市海珠区江南中街道江南大道中426号中联商业广场","0","0","0","0","0",0,0,1,4,3,23.10022614,113.2726541,0,0,0,0
244,"0","0","0","广东省广州市越秀区人民街道沿江中路190号","0","0","0","0","0",0,0,1,4,3,23.11405394,113.2681623,0,0,0,0
245,"0","0","0","广东省广州市花都区狮岭镇威达电声塑料厂","0","0","0","0","0",0,0,1,4,3,23.42604026,113.2057436,0,0,0,0
246,"0","0","0","广东省广州市海珠区官洲街道雕塑厨房(赤沙店)大围公园","0","0","0","0","0",0,0,1,4,3,23.09144379,113.3619952,0,0,0,0
247,"0","0","0","广东省广州市海珠区南洲街道海珠湖","0","0","0","0","0",0,0,1,4,3,23.07250678,113.3232631,0,0,0,0
248,"0","0","0","广东省广州市海珠区赤岗街道广州大道南368号广州大道368大厦","0","0","0","0","0",0,0,1,4,3,23.09874703,113.3145001,0,0,0,0
249,"0","0","0","广东省广州市海珠区官洲街道赤沙大围渔王农庄大围公园","0","0","0","0","0",0,0,1,4,3,23.09223544,113.3618211,0,0,0,0
250,"0","0","0","广东省广州市海珠区凤阳街道敦和路9号","0","0","0","0","0",0,0,1,4,3,23.09225763,113.3092172,0,0,0,0
251,"0","0","0","广东省广州市海珠区江海街道沙冲口","0","0","0","0","0",0,0,1,4,3,23.07813828,113.3563529,0,0,0,0
252,"0","0","0","广东省广州市海珠区华洲街道S81广州环城高速","0","0","0","0","0",0,0,1,4,3,23.07207495,113.3573906,0,0,0,0
253,"0","0","0","广东省广州市海珠区江海街道江海大道东约新村","0","0","0","0","0",0,0,1,4,3,23.08686269,113.3324673,0,0,0,0
254,"0","0","0","广东省广州市海珠区昌岗街道广州美术学院图书馆广州美术学院昌岗校区","0","0","0","0","0",0,0,1,4,3,23.09349108,113.2792664,0,0,0,0
255,"0","0","0","广东省广州市海珠区赤岗街道碧映路1号碧晖苑","0","0","0","0","0",0,0,1,4,3,23.08887865,113.3283798,0,0,0,0
256,"0","0","0","广东省广州市海珠区江海街道台涌新北街","0","0","0","0","0",0,0,1,4,3,23.08690863,113.3432045,0,0,0,0
257,"0","0","0","广东省广州市海珠区江海街道江海大道94号东约新村","0","0","0","0","0",0,0,1,4,3,23.08762923,113.3338413,0,0,0,0
258,"0","0","0","广东省广州市海珠区南洲街道后滘大街九巷","0","0","0","0","0",0,0,1,4,3,23.06884733,113.3226199,0,0,0,0
259,"0","0","0","广东省广州市番禺区南村镇罗兴实业有限公司","0","0","0","0","0",0,0,1,4,3,23.01403653,113.3995947,0,0,0,0
260,"0","0","0","广东省广州市海珠区华洲街道石榴岗路484号","0","0","0","0","0",0,0,1,4,3,23.08308279,113.3399863,0,0,0,0
261,"0","0","0","广东省广州市番禺区洛浦街道洛溪大路48号","0","0","0","0","0",0,0,1,4,3,23.0479764,113.2892933,0,0,0,0
262,"0","0","0","广东省广州市海珠区赤岗街道江海大道3号中国人民解放军第四二一医院","0","0","0","0","0",0,0,1,4,3,23.09231582,113.333797,0,0,0,0
263,"0","0","0","广东省广州市番禺区市桥街道步行街北郊新村","0","0","0","0","0",0,0,1,4,3,22.94104074,113.3643577,0,0,0,0
264,"0","0","0","广东省广州市海珠区赤岗街道新港中路丽影广场B区","0","0","0","0","0",0,0,1,4,3,23.09607127,113.321481,0,0,0,0
265,"0","0","0","广东省广州市番禺区大石街道群贤路","0","0","0","0","0",0,0,1,4,3,23.01919557,113.3252713,0,0,0,0
266,"0","0","0","广东省广州市南沙区大岗镇长堤东路56之2","0","0","0","0","0",0,0,1,4,3,22.8145924,113.4191078,0,0,0,0
267,"0","0","0","广东省广州市番禺区大龙街道东兴路17号","0","0","0","0","0",0,0,1,4,3,22.96639568,113.4186506,0,0,0,0
268,"0","0","0","广东省广州市番禺区大龙街道亚运大道","0","0","0","0","0",0,0,1,4,3,22.9345908,113.4167995,0,0,0,0
269,"0","0","0","广东省广州市番禺区南村镇东线路2-8号","0","0","0","0","0",0,0,1,4,3,22.99106044,113.4052447,0,0,0,0
270,"0","0","0","广东省广州市番禺区石基镇隔南大街","0","0","0","0","0",0,0,1,4,3,22.96178714,113.4420382,0,0,0,0
271,"0","0","0","广东省广州市南沙区东涌镇下东涌","0","0","0","0","0",0,0,1,4,3,22.88992793,113.4614475,0,0,0,0
272,"0","0","0","广东省广州市番禺区南村镇山头坊","0","0","0","0","0",0,0,1,4,3,23.02170016,113.3574494,0,0,0,0
273,"0","0","0","广东省广州市南沙区大岗镇环城北路45号","0","0","0","0","0",0,0,1,4,3,22.8100654,113.4141599,0,0,0,0
274,"0","0","0","广东省广州市番禺区大石街道广州市莱晨玻璃制品有限公司","0","0","0","0","0",0,0,1,4,3,23.00743132,113.3201755,0,0,0,0
275,"0","0","0","广东省广州市番禺区市桥街道一品灏景","0","0","0","0","0",0,0,1,4,3,22.94194927,113.3712035,0,0,0,0
276,"0","0","0","广东省广州市番禺区大龙街道中和西路7号","0","0","0","0","0",0,0,1,4,3,22.94428352,113.4044932,0,0,0,0
277,"0","0","0","广东省广州市番禺区东环街道环村东路","0","0","0","0","0",0,0,1,4,3,22.96481939,113.3565805,0,0,0,0
278,"0","0","0","广东省广州市番禺区大龙街道亚运大道","0","0","0","0","0",0,0,1,4,3,22.9345908,113.4167995,0,0,0,0
279,"0","0","0","广东省广州市番禺区钟村街道市广路","0","0","0","0","0",0,0,1,4,3,22.98035071,113.3222749,0,0,0,0
280,"0","0","0","广东省广州市番禺区大龙街道胡氏宗祠","0","0","0","0","0",0,0,1,4,3,22.95705294,113.4238473,0,0,0,0
281,"0","0","0","广东省广州市番禺区大龙街道东盛路9号之2","0","0","0","0","0",0,0,1,4,3,22.96859452,113.4081296,0,0,0,0
282,"0","0","0","广东省广州市番禺区沙头街道银平路132号番禺博物馆","0","0","0","0","0",0,0,1,4,3,22.95454492,113.3451482,0,0,0,0
283,"0","0","0","广东省广州市番禺区桥南街道帝豪酒店(汇景大道店)","0","0","0","0","0",0,0,1,4,3,22.92265134,113.3754902,0,0,0,0
284,"0","0","0","广东省广州市番禺区市桥街道繁华路80号禺华园","0","0","0","0","0",0,0,1,4,3,22.94228167,113.3604421,0,0,0,0
285,"0","0","0","广东省广州市番禺区市桥街道白沙堡村大街白沙堡综合楼","0","0","0","0","0",0,0,1,4,3,22.95321398,113.3659058,0,0,0,0
286,"0","0","0","广东省广州市番禺区东环街道东环路158号之1尚杰科技大楼","0","0","0","0","0",0,0,1,4,3,22.95435755,113.3680492,0,0,0,0
287,"0","0","0","广东省广州市番禺区大龙街道S105南沙港快速","0","0","0","0","0",0,0,1,4,3,22.9677616,113.4044377,0,0,0,0
288,"0","0","0","广东省广州市番禺区市桥街道桥兴大道234号雅居乐鸿禧华庭2期","0","0","0","0","0",0,0,1,4,3,22.95410901,113.358418,0,0,0,0
289,"0","0","0","广东省广州市番禺区市桥街道禺山大道105号","0","0","0","0","0",0,0,1,4,3,22.94001202,113.360734,0,0,0,0
290,"0","0","0","广东省广州市荔湾区东沙街道S81广州环城高速","0","0","0","0","0",0,0,1,4,3,23.05399472,113.2699138,0,0,0,0
291,"0","0","0","广东省广州市番禺区市桥街道光明北路69号禺华园","0","0","0","0","0",0,0,1,4,3,22.94289179,113.3606862,0,0,0,0
292,"0","0","0","广东省广州市从化区城郊街道大车","0","0","0","0","0",0,0,1,4,3,23.55528066,113.5988663,0,0,0,0
293,"0","0","0","广东省广州市番禺区大龙街道中和大街66号","0","0","0","0","0",0,0,1,4,3,22.94548161,113.4033092,0,0,0,0
294,"0","0","0","广东省广州市番禺区东环街道市新公路","0","0","0","0","0",0,0,1,4,3,22.96950879,113.3827743,0,0,0,0
295,"0","0","0","广东省广州市从化区城郊街道城新路17号","0","0","0","0","0",0,0,1,4,3,23.56341133,113.5803848,0,0,0,0
296,"0","0","0","广东省广州市从化区鳌头镇荣安里","0","0","0","0","0",0,0,1,4,3,23.62547628,113.4313956,0,0,0,0
297,"0","0","0","广东省清远市佛冈县石角镇塘二路","0","0","0","0","0",0,0,1,4,3,23.87839806,113.5397114,0,0,0,0
298,"0","0","0","广东省广州市从化区良口镇新城北路","0","0","0","0","0",0,0,1,4,3,23.72311773,113.739427,0,0,0,0
299,"0","0","0","广东省广州市从化区城郊街道新西庄","0","0","0","0","0",0,0,1,4,3,23.56038693,113.6018782,0,0,0,0
300,"0","0","0","广东省广州市从化区街口街道355省道","0","0","0","0","0",0,0,1,4,3,23.54435986,113.5926833,0,0,0,0
301,"0","0","0","广东省广州市从化区街口街道355省道","0","0","0","0","0",0,0,1,4,3,23.54456994,113.5926934,0,0,0,0
302,"0","0","0","广东省广州市从化区街口街道河滨北路294号","0","0","0","0","0",0,0,1,4,3,23.55079636,113.5963006,0,0,0,0
303,"0","0","0","广东省广州市从化区吕田镇中新北路","0","0","0","0","0",0,0,1,4,3,23.81610767,113.9579294,0,0,0,0
304,"0","0","0","广东省广州市从化区街口街道西宁东路从化区妇女联合会幼儿园(河滨街)","0","0","0","0","0",0,0,1,4,3,23.54966086,113.5927756,0,0,0,0
305,"0","0","0","广东省广州市白云区石井街道夏茅十一社新工业区","0","0","0","0","0",0,0,1,4,3,23.23158622,113.2643764,0,0,0,0
306,"0","0","0","广东省广州市从化区城郊街道向阳一路2号从化市城郊街向阳小学","0","0","0","0","0",0,0,1,4,3,23.55654335,113.594664,0,0,0,0
307,"0","0","0","广东省广州市从化区江埔街道河滨北路","0","0","0","0","0",0,0,1,4,3,23.55090902,113.602251,0,0,0,0
308,"0","0","0","广东省广州市花都区花山镇两龙南街54号","0","0","0","0","0",0,0,1,4,3,23.45165523,113.2845092,0,0,0,0
309,"0","0","0","广东省广州市白云区黄石街道云商易城","0","0","0","0","0",0,0,1,4,3,23.21417689,113.2830531,0,0,0,0
310,"0","0","0","广东省广州市白云区人和镇爱民路","0","0","0","0","0",0,0,1,4,3,23.34332347,113.301253,0,0,0,0
311,"0","0","0","广东省广州市从化区城郊街道北星路","0","0","0","0","0",0,0,1,4,3,23.55840651,113.5895144,0,0,0,0
312,"0","0","0","广东省广州市白云区永平街道前通车队","0","0","0","0","0",0,0,1,4,3,23.24103979,113.3111972,0,0,0,0
313,"0","0","0","广东省广州市白云区景泰街道下坑水库","0","0","0","0","0",0,0,1,4,3,23.17268536,113.2829081,0,0,0,0
314,"0","0","0","广东省广州市白云区棠景街道高田街飞翔小区(机场路)","0","0","0","0","0",0,0,1,4,3,23.17916744,113.2579074,0,0,0,0
315,"0","0","0","广东省广州市白云区嘉禾街道新人民公社大食堂(嘉禾店)中国石油和兴加油站(S303华南快速辅路)","0","0","0","0","0",0,0,1,4,3,23.22905901,113.274368,0,0,0,0
316,"0","0","0","广东省广州市白云区新市街道胜高酒店(汇侨新城店)","0","0","0","0","0",0,0,1,4,3,23.19914624,113.2594586,0,0,0,0
317,"0","0","0","广东省广州市白云区黄石街道黄石北路55号白云尚城","0","0","0","0","0",0,0,1,4,3,23.21375407,113.2848136,0,0,0,0
318,"0","0","0","广东省广州市白云区永平街道东平沙园六巷东平小学","0","0","0","0","0",0,0,1,4,3,23.25396062,113.3157819,0,0,0,0
319,"0","0","0","广东省广州市白云区石井街道二横路56号","0","0","0","0","0",0,0,1,4,3,23.21385224,113.250264,0,0,0,0
320,"0","0","0","广东省广州市白云区永平街道黄边南路268号","0","0","0","0","0",0,0,1,4,3,23.21696173,113.2862596,0,0,0,0
321,"0","0","0","广东省广州市白云区太和镇太和吉顺水泥制品厂","0","0","0","0","0",0,0,1,4,3,23.29451408,113.3313063,0,0,0,0
322,"0","0","0","广东省广州市白云区嘉禾街道西岭路","0","0","0","0","0",0,0,1,4,3,23.24188766,113.2770715,0,0,0,0
323,"0","0","0","广东省广州市白云区永平街道黄草埔","0","0","0","0","0",0,0,1,4,3,23.24225952,113.3111664,0,0,0,0
324,"0","0","0","广东省广州市白云区松洲街道石潭路","0","0","0","0","0",0,0,1,4,3,23.18365032,113.2334603,0,0,0,0
325,"0","0","0","广东省广州市白云区石井街道横东上街","0","0","0","0","0",0,0,1,4,3,23.19907045,113.2387753,0,0,0,0
326,"0","0","0","广东省广州市白云区嘉禾街道广州市嘉禾屠宰场银丰电子商务大厦","0","0","0","0","0",0,0,1,4,3,23.23709476,113.2837807,0,0,0,0
327,"0","0","0","广东省广州市白云区京溪街道南方大道南方医科大学","0","0","0","0","0",0,0,1,4,3,23.18718813,113.3366981,0,0,0,0
328,"0","0","0","广东省广州市白云区石井街道渡头大街","0","0","0","0","0",0,0,1,4,3,23.22035048,113.249282,0,0,0,0
329,"0","0","0","广东省广州市白云区石井街道石井大道101号","0","0","0","0","0",0,0,1,4,3,23.21844312,113.2333725,0,0,0,0
330,"0","0","0","广东省广州市白云区嘉禾街道鹤龙路3号广州勤效汽车销售服务有限公司","0","0","0","0","0",0,0,1,4,3,23.21277909,113.2649338,0,0,0,0
331,"0","0","0","广东省广州市白云区永平街道白云堡豪苑","0","0","0","0","0",0,0,1,4,3,23.22783298,113.3098073,0,0,0,0
332,"0","0","0","广东省广州市白云区棠景街道同德围南北高架","0","0","0","0","0",0,0,1,4,3,23.17801596,113.2461178,0,0,0,0
333,"0","0","0","广东省广州市白云区嘉禾街道黄边南路四街10号广州奕灿磁性材料有限公司","0","0","0","0","0",0,0,1,4,3,23.22050464,113.2826379,0,0,0,0
334,"0","0","0","广东省广州市白云区石井街道新域大楼","0","0","0","0","0",0,0,1,4,3,23.18623308,113.2363258,0,0,0,0
335,"0","0","0","广东省广州市白云区太和镇太和吉顺水泥制品厂","0","0","0","0","0",0,0,1,4,3,23.29451408,113.3313063,0,0,0,0
336,"0","0","0","广东省广州市白云区松洲街道松北前海路2号松北工业区","0","0","0","0","0",0,0,1,4,3,23.15898957,113.2276926,0,0,0,0
337,"0","0","0","广东省广州市白云区黄石街道合和大厦(江夏东一路)","0","0","0","0","0",0,0,1,4,3,23.21394862,113.281015,0,0,0,0
338,"0","0","0","广东省广州市白云区棠景街道南天东街14号","0","0","0","0","0",0,0,1,4,3,23.17886838,113.2482347,0,0,0,0
339,"0","0","0","广东省广州市白云区石井街道万福街86号","0","0","0","0","0",0,0,1,4,3,23.21872162,113.2323053,0,0,0,0
340,"0","0","0","广东省广州市白云区石井街道石井大道","0","0","0","0","0",0,0,1,4,3,23.21794012,113.2368675,0,0,0,0
341,"0","0","0","广东省广州市白云区太和镇太和吉顺水泥制品厂","0","0","0","0","0",0,0,1,4,3,23.29451408,113.3313063,0,0,0,0
342,"0","0","0","广东省广州市白云区石井街道夏茅十一社新工业区","0","0","0","0","0",0,0,1,4,3,23.23158622,113.2643764,0,0,0,0
343,"0","0","0","广东省广州市白云区嘉禾街道彭上东街36号","0","0","0","0","0",0,0,1,4,3,23.23159701,113.283057,0,0,0,0
344,"0","0","0","广东省广州市荔湾区西村街道西湾路11号","0","0","0","0","0",0,0,1,4,3,23.15334517,113.2396818,0,0,0,0
345,"0","0","0","广东省广州市白云区嘉禾街道广花一路","0","0","0","0","0",0,0,1,4,3,23.21271064,113.2644744,0,0,0,0
346,"0","0","0","广东省广州市白云区石井街道石井大道","0","0","0","0","0",0,0,1,4,3,23.22137104,113.2360855,0,0,0,0
347,"0","0","0","广东省广州市天河区兴华街道牛利岗北街","0","0","0","0","0",0,0,1,4,3,23.17281527,113.3224149,0,0,0,0
348,"0","0","0","广东省广州市白云区同和街道同宝路125号","0","0","0","0","0",0,0,1,4,3,23.20636522,113.3358956,0,0,0,0
349,"0","0","0","广东省广州市白云区嘉禾街道望岗塘田街10号","0","0","0","0","0",0,0,1,4,3,23.23637165,113.279566,0,0,0,0
350,"0","0","0","广东省广州市白云区石井街道石槎路683号柏霖环球国际商贸中心","0","0","0","0","0",0,0,1,4,3,23.19538681,113.2410703,0,0,0,0
351,"0","0","0","广东省广州市白云区永平街道白云堡豪苑","0","0","0","0","0",0,0,1,4,3,23.22620876,113.3095973,0,0,0,0
352,"0","0","0","广东省广州市白云区同德街道同康路岭南雅院","0","0","0","0","0",0,0,1,4,3,23.1570952,113.2297309,0,0,0,0
353,"0","0","0","广东省广州市白云区景泰街道广园新村新天雀商贸城","0","0","0","0","0",0,0,1,4,3,23.161857,113.2676472,0,0,0,0
354,"0","0","0","广东省广州市越秀区矿泉街道广园西路264号","0","0","0","0","0",0,0,1,4,3,23.15645038,113.2549363,0,0,0,0
355,"0","0","0","广东省深圳市龙岗区坂田街道中海·日辉台","0","0","0","0","0",0,0,1,4,3,22.63899906,114.0675793,0,0,0,0
356,"0","0","0","广东省深圳市南山区南山街道南新路华联花园","0","0","0","0","0",0,0,1,4,3,22.51924352,113.9195281,0,0,0,0
357,"0","0","0","广东省深圳市宝安区西乡街道福洲大道","0","0","0","0","0",0,0,1,4,3,22.67057736,113.8735894,0,0,0,0
358,"0","0","0","广东省深圳市南山区桃源街道春华路","0","0","0","0","0",0,0,1,4,3,22.58781321,113.9729021,0,0,0,0
359,"0","0","0","广东省深圳市罗湖区笋岗街道洪湖西路","0","0","0","0","0",0,0,1,4,3,22.57204653,114.1188134,0,0,0,0
360,"0","0","0","广东省深圳市南山区西丽街道留仙大道49号玖祥公园","0","0","0","0","0",0,0,1,4,3,22.58243264,113.9591486,0,0,0,0
361,"0","0","0","广东省深圳市宝安区福永街道美华路","0","0","0","0","0",0,0,1,4,3,22.68008861,113.8347861,0,0,0,0
362,"0","0","0","广东省深圳市南山区桃源街道二号路塘朗山公园","0","0","0","0","0",0,0,1,4,3,22.5635259,113.9893556,0,0,0,0
363,"0","0","0","广东省广州市番禺区南村镇南村东线路20号罗边小学","0","0","0","0","0",0,0,1,4,3,23.01217957,113.3974048,0,0,0,0
364,"0","0","0","广东省深圳市宝安区石岩街道柠檬顶","0","0","0","0","0",0,0,1,4,3,22.6873087,113.9459597,0,0,0,0
365,"0","0","0","广东省广州市白云区石井街道石井大道380号红星第拾号工业区","0","0","0","0","0",0,0,1,4,3,23.2177189,113.23556,0,0,0,0
366,"0","0","0","广东省广州市白云区太和镇南岭东南街7号","0","0","0","0","0",0,0,1,4,3,23.27373214,113.3010978,0,0,0,0
367,"0","0","0","广东省广州市白云区太和镇广州羊腾建筑装饰材料有限公司","0","0","0","0","0",0,0,1,4,3,23.30080982,113.3621418,0,0,0,0
368,"0","0","0","广东省广州市白云区均禾街道马田街","0","0","0","0","0",0,0,1,4,3,23.26172271,113.2781659,0,0,0,0
369,"0","0","0","广东省深圳市福田区香蜜湖街道香蜜湖路3016号深圳行政学院","0","0","0","0","0",0,0,1,4,3,22.54605355,114.0259737,0,0,0,0
370,"0","0","0","广东省广州市白云区松洲街道富力半岛富力半岛花园","0","0","0","0","0",0,0,1,4,3,23.14311721,113.2254512,0,0,0,0
371,"0","0","0","广东省广州市白云区太和镇广州羊腾建筑装饰材料有限公司","0","0","0","0","0",0,0,1,4,3,23.3004295,113.3621215,0,0,0,0
372,"0","0","0","广东省广州市白云区同和街道东坑天健家居装饰广场","0","0","0","0","0",0,0,1,4,3,23.19924759,113.334818,0,0,0,0
373,"0","0","0","广东省东莞市中堂镇悦和街一巷2号","0","0","0","0","0",0,0,1,4,3,23.09705081,113.6581524,0,0,0,0
374,"0","0","0","广东省广州市增城区新塘镇公园路","0","0","0","0","0",0,0,1,4,3,23.12928955,113.6604402,0,0,0,0
375,"0","0","0","广东省深圳市龙岗区坂田街道贝尔路","0","0","0","0","0",0,0,1,4,3,22.64153534,114.0719117,0,0,0,0
376,"0","0","0","广东省广州市番禺区大石街道沿江东路","0","0","0","0","0",0,0,1,4,3,23.03098143,113.3157936,0,0,0,0
377,"0","0","0","广东省广州市番禺区钟村街道苏力科技","0","0","0","0","0",0,0,1,4,3,22.97984508,113.3212453,0,0,0,0
378,"0","0","0","广东省广州市越秀区洪桥街道法政路","0","0","0","0","0",0,0,1,4,3,23.13206675,113.2749836,0,0,0,0
379,"0","0","0","广东省广州市越秀区大塘街道广东省期刊协会今日文摘杂志社德政北社区","0","0","0","0","0",0,0,1,4,3,23.12974908,113.2752038,0,0,0,0
380,"0","0","0","广东省广州市番禺区石基镇西约大街48号","0","0","0","0","0",0,0,1,4,3,22.96267859,113.4455898,0,0,0,0
381,"0","0","0","广东省广州市越秀区农林街道三寓宾馆","0","0","0","0","0",0,0,1,4,3,23.12858004,113.3011622,0,0,0,0
382,"0","0","0","广东省广州市越秀区黄花岗街道先烈中路85号-4广州浙江大厦","0","0","0","0","0",0,0,1,4,3,23.14246797,113.3005,0,0,0,0
383,"0","0","0","广东省广州市天河区元岗街道法士特壳牌专用油授权店","0","0","0","0","0",0,0,1,4,3,23.18246071,113.3497966,0,0,0,0
384,"0","0","0","广东省广州市南沙区南沙街道石抖街","0","0","0","0","0",0,0,1,4,3,22.77665396,113.5933558,0,0,0,0
385,"0","0","0","广东省广州市南沙区万顷沙镇长堤东路46号","0","0","0","0","0",0,0,1,4,3,22.64946304,113.6129849,0,0,0,0
386,"0","0","0","广东省广州市天河区天河南街道天河体育中心篮球城广州天河体育中心","0","0","0","0","0",0,0,1,4,3,23.13891176,113.3274613,0,0,0,0
387,"0","0","0","广东省广州市天河区冼村街道金穗路625-631号","0","0","0","0","0",0,0,1,4,3,23.12382897,113.3298085,0,0,0,0
388,"0","0","0","广东省广州市南沙区南沙街道东坑","0","0","0","0","0",0,0,1,4,3,22.80839337,113.5539168,0,0,0,0
389,"0","0","0","广东省广州市越秀区登峰街道恒福苑(恒福路)恒福苑东区","0","0","0","0","0",0,0,1,4,3,23.14416119,113.2937609,0,0,0,0
390,"0","0","0","广东省广州市南沙区黄阁镇东泽西路","0","0","0","0","0",0,0,1,4,3,22.82771435,113.5218711,0,0,0,0
391,"0","0","0","广东省广州市越秀区黄花岗街道环市东路535号","0","0","0","0","0",0,0,1,4,3,23.13562043,113.3048107,0,0,0,0
392,"0","0","0","广东省广州市越秀区光塔街道海珠北路106号","0","0","0","0","0",0,0,1,4,3,23.12742643,113.2581662,0,0,0,0
393,"0","0","0","广东省广州市花都区狮岭镇北一路b02栋","0","0","0","0","0",0,0,1,4,3,23.446661,113.2201755,0,0,0,0
394,"0","0","0","广东省广州市海珠区南石头街道南方都市报昌岗征订站南景园(宝岗大道)","0","0","0","0","0",0,0,1,4,3,23.08068204,113.2757904,0,0,0,0
395,"0","0","0","广东省广州市花都区狮岭镇振兴北路","0","0","0","0","0",0,0,1,4,3,23.47430929,113.163008,0,0,0,0
396,"0","0","0","广东省广州市越秀区光塔街道人民中路5号五羊城酒店","0","0","0","0","0",0,0,1,4,3,23.12011401,113.253472,0,0,0,0
397,"0","0","0","广东省广州市花都区花东镇朝阳路","0","0","0","0","0",0,0,1,4,3,23.44184274,113.3286502,0,0,0,0
398,"0","0","0","广东省广州市花都区新华街道金纳投资大厦","0","0","0","0","0",0,0,1,4,3,23.37803295,113.2569259,0,0,0,0
399,"0","0","0","广东省广州市花都区花东镇朝阳路","0","0","0","0","0",0,0,1,4,3,23.4422023,113.3300279,0,0,0,0
400,"0","0","0","广东省广州市花都区新华街道龙凤山庄","0","0","0","0","0",0,0,1,4,3,23.40329889,113.2398514,0,0,0,0
401,"0","0","0","广东省广州市花都区花东镇花都大道东6号","0","0","0","0","0",0,0,1,4,3,23.43115969,113.4254505,0,0,0,0
402,"0","0","0","广东省广州市番禺区大石街道沿江东路丽水湾","0","0","0","0","0",0,0,1,4,3,23.03030049,113.3145988,0,0,0,0
403,"0","0","0","广东省广州市番禺区钟村街道市广路广东工业大学番禺校区","0","0","0","0","0",0,0,1,4,3,22.97479086,113.3293635,0,0,0,0
404,"0","0","0","广东省广州市番禺区南村镇南约大街21号","0","0","0","0","0",0,0,1,4,3,23.01335039,113.3953229,0,0,0,0
405,"0","0","0","广东省广州市南沙区东涌镇下东涌","0","0","0","0","0",0,0,1,4,3,22.88992793,113.4614475,0,0,0,0
406,"0","0","0","广东省广州市南沙区榄核镇921乡道","0","0","0","0","0",0,0,1,4,3,22.84224477,113.3450767,0,0,0,0
407,"0","0","0","广东省广州市花都区狮岭镇润安出租房","0","0","0","0","0",0,0,1,4,3,23.46444973,113.1728925,0,0,0,0
408,"0","0","0","广东省广州市番禺区大石街道富丽家园","0","0","0","0","0",0,0,1,4,3,23.02768375,113.3178615,0,0,0,0
409,"0","0","0","广东省广州市番禺区石楼镇浮莲路","0","0","0","0","0",0,0,1,4,3,22.97556192,113.4972296,0,0,0,0
410,"0","0","0","广东省广州市南沙区榄核镇工业街","0","0","0","0","0",0,0,1,4,3,22.83996892,113.3498966,0,0,0,0
411,"0","0","0","广东省广州市番禺区沙湾镇西环路192号金沙湾花园","0","0","0","0","0",0,0,1,4,3,22.91229115,113.3507636,0,0,0,0
412,"0","0","0","广东省广州市番禺区大石街道朝阳东路327号大石派出所","0","0","0","0","0",0,0,1,4,3,23.02749214,113.3208977,0,0,0,0
413,"0","0","0","广东省广州市番禺区市桥街道桥兴大道569号骏和广场","0","0","0","0","0",0,0,1,4,3,22.9505863,113.360999,0,0,0,0
414,"0","0","0","广东省广州市番禺区钟村街道鸿福隧道","0","0","0","0","0",0,0,1,4,3,22.97284334,113.3354088,0,0,0,0
415,"0","0","0","广东省广州市番禺区石基镇938乡道","0","0","0","0","0",0,0,1,4,3,22.96099325,113.4427752,0,0,0,0
416,"0","0","0","广东省广州市番禺区大龙街道茶东路48号","0","0","0","0","0",0,0,1,4,3,22.96283395,113.4063597,0,0,0,0
417,"0","0","0","广东省广州市番禺区大龙街道傍新路","0","0","0","0","0",0,0,1,4,3,22.95377413,113.4063406,0,0,0,0
418,"0","0","0","广东省广州市从化区江埔街道河东南二巷","0","0","0","0","0",0,0,1,4,3,23.54196985,113.5979552,0,0,0,0
419,"0","0","0","广东省广州市番禺区大龙街道愉富服装(广州)有限公司","0","0","0","0","0",0,0,1,4,3,22.94294137,113.4065271,0,0,0,0
420,"0","0","0","广东省广州市南沙区东涌镇市南公路东涌段699号","0","0","0","0","0",0,0,1,4,3,22.89445321,113.4096635,0,0,0,0
421,"0","0","0","广东省广州市番禺区大石街道鸿达服饰","0","0","0","0","0",0,0,1,4,3,23.01619601,113.3314991,0,0,0,0
422,"0","0","0","广东省广州市白云区金沙街道白云儿童公园-金沙洲滨江公园白云儿童公园","0","0","0","0","0",0,0,1,4,3,23.15655948,113.2149279,0,0,0,0
423,"0","0","0","广东省广州市番禺区东环街道甘东横街16号","0","0","0","0","0",0,0,1,4,3,22.9564903,113.3756996,0,0,0,0
424,"0","0","0","广东省广州市从化区城郊街道向阳南路幸福花园(向阳南路)","0","0","0","0","0",0,0,1,4,3,23.55366671,113.5951132,0,0,0,0
425,"0","0","0","广东省广州市白云区太和镇朝亮北路278号","0","0","0","0","0",0,0,1,4,3,23.29881375,113.3629421,0,0,0,0
426,"0","0","0","广东省广州市从化区太平镇广从南路548号","0","0","0","0","0",0,0,1,4,3,23.45457434,113.4983044,0,0,0,0
427,"0","0","0","广东省广州市白云区均禾街道下新村街58号","0","0","0","0","0",0,0,1,4,3,23.2516148,113.2923559,0,0,0,0
428,"0","0","0","广东省广州市白云区江高镇粤旺集团","0","0","0","0","0",0,0,1,4,3,23.28119075,113.2376396,0,0,0,0
429,"0","0","0","广东省广州市从化区城郊街道向阳南路77号城市·印象","0","0","0","0","0",0,0,1,4,3,23.5532428,113.5953837,0,0,0,0
430,"0","0","0","广东省广州市白云区均禾街道广新街62号","0","0","0","0","0",0,0,1,4,3,23.25840064,113.2999763,0,0,0,0
431,"0","0","0","广东省广州市从化区城郊街道向阳南路幸福花园(向阳南路)","0","0","0","0","0",0,0,1,4,3,23.55380843,113.5953328,0,0,0,0
432,"0","0","0","广东省广州市白云区黄石街道机场路1948-1号白云科技创意园","0","0","0","0","0",0,0,1,4,3,23.20717633,113.2643515,0,0,0,0
433,"0","0","0","广东省广州市白云区嘉禾街道黄边南路四街10号广州奕灿磁性材料有限公司","0","0","0","0","0",0,0,1,4,3,23.22050464,113.2826379,0,0,0,0
434,"0","0","0","广东省广州市白云区嘉禾街道细彭岭路22号2栋","0","0","0","0","0",0,0,1,4,3,23.21772876,113.273664,0,0,0,0
435,"0","0","0","广东省广州市花都区狮岭镇狮岭镇横兴社区服务站","0","0","0","0","0",0,0,1,4,3,23.45803366,113.1869153,0,0,0,0
436,"0","0","0","广东省广州市花都区新华街道光明巷1号30号小区","0","0","0","0","0",0,0,1,4,3,23.3754398,113.2134638,0,0,0,0
437,"0","0","0","广东省广州市花都区狮岭镇昶荣路","0","0","0","0","0",0,0,1,4,3,23.47484287,113.1908172,0,0,0,0
438,"0","0","0","广东省广州市花都区狮岭镇振兴路","0","0","0","0","0",0,0,1,4,3,23.47290189,113.1700943,0,0,0,0
439,"0","0","0","广东省广州市花都区狮岭镇金狮大道西39号","0","0","0","0","0",0,0,1,4,3,23.46841629,113.1611801,0,0,0,0
440,"0","0","0","广东省深圳市南山区沙河街道白石路华侨城欢乐海岸","0","0","0","0","0",0,0,1,4,3,22.52619876,113.9892211,0,0,0,0
441,"0","0","0","广东省深圳市罗湖区桂园街道笋岗东路2071号","0","0","0","0","0",0,0,1,4,3,22.55528126,114.1160913,0,0,0,0
442,"0","0","0","广东省深圳市龙岗区龙城街道长兴南路龙潭公园","0","0","0","0","0",0,0,1,4,3,22.72286461,114.2445007,0,0,0,0
443,"0","0","0","广东省深圳市罗湖区莲塘街道梧桐山南路深圳仙湖植物园","0","0","0","0","0",0,0,1,4,3,22.56778253,114.1781275,0,0,0,0
444,"0","0","0","广东省深圳市南山区桃源街道样品受理大厅塘朗山公园","0","0","0","0","0",0,0,1,4,3,22.56382444,113.9907634,0,0,0,0
445,"0","0","0","广东省深圳市龙岗区南湾街道浙新工业城","0","0","0","0","0",0,0,1,4,3,22.6315777,114.1233026,0,0,0,0
446,"0","0","0","广东省深圳市宝安区石岩街道石岩街道官田北环住宅南区源益达办公大楼","0","0","0","0","0",0,0,1,4,3,22.68155741,113.9462038,0,0,0,0
447,"0","0","0","广东省深圳市罗湖区桂园街道桂木园(桂园路)红群楼小区","0","0","0","0","0",0,0,1,4,3,22.54700517,114.1111563,0,0,0,0
448,"0","0","0","广东省深圳市福田区莲花街道红荔西路6032号莲花山公园","0","0","0","0","0",0,0,1,4,3,22.54938063,114.0502177,0,0,0,0
449,"0","0","0","广东省深圳市福田区沙头街道泰然四路19号创新科技广场Ⅰ期B座","0","0","0","0","0",0,0,1,4,3,22.5342988,114.0317449,0,0,0,0
450,"0","0","0","广东省深圳市龙岗区大鹏街道工业大道5号","0","0","0","0","0",0,0,1,4,3,22.57872798,114.4936096,0,0,0,0
451,"0","0","0","广东省深圳市龙华区油园新村","0","0","0","0","0",0,0,1,4,3,22.64040872,114.043872,0,0,0,0
452,"0","0","0","广东省深圳市宝安区沙井街道向西路31号同方中心","0","0","0","0","0",0,0,1,4,3,22.73383221,113.8315273,0,0,0,0
453,"0","0","0","广东省深圳市宝安区公明街道兴宝合工业大厦","0","0","0","0","0",0,0,1,4,3,22.78567173,113.9004089,0,0,0,0
454,"0","0","0","广东省深圳市宝安区松岗街道松罗路汇业金融大厦","0","0","0","0","0",0,0,1,4,3,22.77248305,113.853852,0,0,0,0
455,"0","0","0","广东省深圳市宝安区沙井街道蚝乡路联诚购物广场","0","0","0","0","0",0,0,1,4,3,22.74040934,113.7890795,0,0,0,0
456,"0","0","0","广东省深圳市龙华区三联弓村","0","0","0","0","0",0,0,1,4,3,22.6614933,114.0272899,0,0,0,0
457,"0","0","0","广东省广州市花都区狮岭镇金狮大道西3号","0","0","0","0","0",0,0,1,4,3,23.46633279,113.159492,0,0,0,0
458,"0","0","0","广东省深圳市宝安区西乡街道流塘路62号流塘小学","0","0","0","0","0",0,0,1,4,3,22.58197746,113.8879268,0,0,0,0
459,"0","0","0","广东省广州市南沙区南沙街道坦头北街55号","0","0","0","0","0",0,0,1,4,3,22.805179,113.5628515,0,0,0,0
460,"0","0","0","广东省深圳市龙岗区平湖街道爱建路16号","0","0","0","0","0",0,0,1,4,3,22.70528903,114.1403154,0,0,0,0
461,"0","0","0","广东省广州市白云区同和街道德意幼儿园","0","0","0","0","0",0,0,1,4,3,23.19096422,113.3331534,0,0,0,0
462,"0","0","0","广东省深圳市南山区粤海街道海天一路深圳百度国际大厦","0","0","0","0","0",0,0,1,4,3,22.52394954,113.9434416,0,0,0,0
463,"0","0","0","广东省广州市海珠区新港街道海康街72-80号广州市第六中学","0","0","0","0","0",0,0,1,4,3,23.09785202,113.3057915,0,0,0,0
464,"0","0","0","广东省深圳市福田区福保街道泰美园","0","0","0","0","0",0,0,1,4,3,22.52712849,114.0539088,0,0,0,0
465,"0","0","0","广东省深圳市罗湖区桂园街道荔园酒店","0","0","0","0","0",0,0,1,4,3,22.54660305,114.1049551,0,0,0,0
466,"0","0","0","广东省深圳市罗湖区东湖街道沙湾路东湖国际会议中心","0","0","0","0","0",0,0,1,4,3,22.57517644,114.1449386,0,0,0,0
467,"0","0","0","广东省深圳市宝安区新安街道创业一路19号金麒麟服装广场","0","0","0","0","0",0,0,1,4,3,22.5684784,113.9001112,0,0,0,0
468,"0","0","0","广东省深圳市福田区福田街道深南大道2003号深圳中心·天元","0","0","0","0","0",0,0,1,4,3,22.5382642,114.0658681,0,0,0,0
469,"0","0","0","广东省广州市天河区林和街道体育东路136号金利来数码网络大厦","0","0","0","0","0",0,0,1,4,3,23.13875611,113.3288103,0,0,0,0
470,"0","0","0","广东省广州市增城区永宁街道广园快速路伟家幼儿园(长岗新村街)","0","0","0","0","0",0,0,1,4,3,23.14339098,113.6011789,0,0,0,0
471,"0","0","0","广东省广州市越秀区大东街道合群一马路粤图广场","0","0","0","0","0",0,0,1,4,3,23.12003249,113.2890606,0,0,0,0
472,"0","0","0","广东省广州市越秀区黄花岗街道环市东路497号","0","0","0","0","0",0,0,1,4,3,23.13542532,113.3037677,0,0,0,0
473,"0","0","0","广东省广州市越秀区矿泉街道粤溪北路138号广州市明德创业园","0","0","0","0","0",0,0,1,4,3,23.16432044,113.2431433,0,0,0,0
474,"0","0","0","广东省广州市天河区黄村街道黄村小学","0","0","0","0","0",0,0,1,4,3,23.12585311,113.4120539,0,0,0,0
475,"0","0","0","广东省广州市天河区冼村街道黄埔大道西92号","0","0","0","0","0",0,0,1,4,3,23.1260612,113.3323389,0,0,0,0
476,"0","0","0","广东省广州市天河区五山街道暨南大学华文学院敬慎楼暨南大学华文学院","0","0","0","0","0",0,0,1,4,3,23.15263157,113.3319798,0,0,0,0
477,"0","0","0","广东省广州市天河区黄村街道黄村北路36号黄村街文体活动中心","0","0","0","0","0",0,0,1,4,3,23.128422,113.4111868,0,0,0,0
478,"0","0","0","广东省广州市白云区三元里街道云城西路","0","0","0","0","0",0,0,1,4,3,23.18845597,113.2716284,0,0,0,0
479,"0","0","0","广东省广州市番禺区大龙街道广华北路72号石岗松岗公园","0","0","0","0","0",0,0,1,4,3,22.94295695,113.3934216,0,0,0,0
480,"0","0","0","广东省广州市海珠区江南中街道广州市海珠区梁仲彭体育实验小学江南新村第二小学","0","0","0","0","0",0,0,1,4,3,23.09450111,113.2664068,0,0,0,0
481,"0","0","0","广东省广州市白云区新市街道广安驾驶学校(新市训练场)","0","0","0","0","0",0,0,1,4,3,23.19676966,113.2703134,0,0,0,0
482,"0","0","0","广东省佛山市禅城区石湾镇街道佛山市第一人民医院","0","0","0","0","0",0,0,1,4,3,23.00569584,113.1243661,0,0,0,0
483,"0","0","0","广东省东莞市东城街道东城第一中学","0","0","0","0","0",0,0,1,4,3,23.04490751,113.7884342,0,0,0,0
484,"0","0","0","广东省佛山市禅城区祖庙街道燎原路58号","0","0","0","0","0",0,0,1,4,3,23.03272552,113.12013,0,0,0,0
485,"0","0","0","广东省佛山市禅城区石湾镇街道霍藻棉急诊楼佛山市第一人民医院","0","0","0","0","0",0,0,1,4,3,23.00621128,113.1241309,0,0,0,0
486,"0","0","0","广东省东莞市长安镇中山中路17号","0","0","0","0","0",0,0,1,4,3,22.77759139,113.7516813,0,0,0,0
487,"0","0","0","广东省东莞市凤岗镇青塘路","0","0","0","0","0",0,0,1,4,3,22.72103752,114.1790518,0,0,0,0
488,"0","0","0","广东省东莞市清溪镇青篁北路","0","0","0","0","0",0,0,1,4,3,22.81230491,114.1729882,0,0,0,0
489,"0","0","0","广东省东莞市长安镇莲湖路","0","0","0","0","0",0,0,1,4,3,22.801073,113.7618106,0,0,0,0
490,"0","0","0","广东省佛山市禅城区祖庙街道福贤路33号","0","0","0","0","0",0,0,1,4,3,23.03122319,113.1207972,0,0,0,0
491,"0","0","0","广东省东莞市茶山镇广济路一坊57号","0","0","0","0","0",0,0,1,4,3,23.05595171,113.871321,0,0,0,0
492,"0","0","0","广东省东莞市厚街镇湖滨街海月岩","0","0","0","0","0",0,0,1,4,3,22.91692471,113.6433026,0,0,0,0
493,"0","0","0","广东省东莞市清溪镇冷水坑","0","0","0","0","0",0,0,1,4,3,22.87739958,114.1275908,0,0,0,0
494,"0","0","0","广东省东莞市东城街道环城东路耙齿岭","0","0","0","0","0",0,0,1,4,3,23.06483206,113.7971486,0,0,0,0
495,"0","0","0","广东省东莞市道滘镇236县道","0","0","0","0","0",0,0,1,4,3,23.01025416,113.6817199,0,0,0,0
496,"0","0","0","广东省东莞市望牛墩镇金香烧鸡园","0","0","0","0","0",0,0,1,4,3,23.06159876,113.6626383,0,0,0,0
497,"0","0","0","广东省东莞市万江街道泰新路35号泰新苑","0","0","0","0","0",0,0,1,4,3,23.0416214,113.7119223,0,0,0,0
498,"0","0","0","广东省东莞市万江街道张屋大街","0","0","0","0","0",0,0,1,4,3,23.08542731,113.6936712,0,0,0,0
499,"0","0","0","广东省东莞市清溪镇北环路","0","0","0","0","0",0,0,1,4,3,22.85522568,114.1534998,0,0,0,0
500,"0","0","0","广东省东莞市长安镇宜心街14号京晖公寓A","0","0","0","0","0",0,0,1,4,3,22.80544018,113.8238665,0,0,0,0
501,"0","0","0","广东省东莞市虎门镇金银路","0","0","0","0","0",0,0,1,4,3,22.82232789,113.7424637,0,0,0,0
502,"0","0","0","广东省东莞市清溪镇清上路81号","0","0","0","0","0",0,0,1,4,3,22.85094098,114.1669061,0,0,0,0
503,"0","0","0","广东省东莞市清溪镇保利中惠中央公馆","0","0","0","0","0",0,0,1,4,3,22.85030931,114.1708909,0,0,0,0
504,"0","0","0","广东省东莞市万江街道港口大道","0","0","0","0","0",0,0,1,4,3,23.00567603,113.7076519,0,0,0,0
505,"0","0","0","广东省东莞市东城街道砖窑四路","0","0","0","0","0",0,0,1,4,3,23.06209254,113.826673,0,0,0,0
506,"0","0","0","广东省东莞市沙田镇环保中路174号","0","0","0","0","0",0,0,1,4,3,22.84478414,113.6454694,0,0,0,0
507,"0","0","0","广东省东莞市沙田镇恒福路","0","0","0","0","0",0,0,1,4,3,22.85171477,113.6315449,0,0,0,0
508,"0","0","0","广东省东莞市大岭山镇G9411莞佛高速","0","0","0","0","0",0,0,1,4,3,22.86139706,113.8539976,0,0,0,0
509,"0","0","0","广东省东莞市长安镇西安路11号加多宝公寓","0","0","0","0","0",0,0,1,4,3,22.81963599,113.8037291,0,0,0,0
510,"0","0","0","广东省东莞市清溪镇葵青路122号","0","0","0","0","0",0,0,1,4,3,22.79566135,114.1565339,0,0,0,0
511,"0","0","0","广东省东莞市长安镇横安路72号成才学校","0","0","0","0","0",0,0,1,4,3,22.80567514,113.7907865,0,0,0,0
512,"0","0","0","广东省东莞市洪梅镇商业街44号","0","0","0","0","0",0,0,1,4,3,23.00064852,113.6154402,0,0,0,0
513,"0","0","0","广东省东莞市长安镇珠冈路中坊新一村","0","0","0","0","0",0,0,1,4,3,22.78249643,113.7638949,0,0,0,0
514,"0","0","0","广东省佛山市禅城区南庄镇贺丰大道","0","0","0","0","0",0,0,1,4,3,22.95998261,113.0474105,0,0,0,0
515,"0","0","0","广东省东莞市道滘镇236县道","0","0","0","0","0",0,0,1,4,3,23.01478583,113.6858529,0,0,0,0
516,"0","0","0","广东省东莞市长安镇靖海中路八方酒店(靖海中路)","0","0","0","0","0",0,0,1,4,3,22.78139716,113.7672628,0,0,0,0
517,"0","0","0","广东省东莞市东城街道黄沙河","0","0","0","0","0",0,0,1,4,3,23.05170834,113.8429711,0,0,0,0
518,"0","0","0","广东省东莞市东城街道长泰路","0","0","0","0","0",0,0,1,4,3,22.99142805,113.7725018,0,0,0,0
519,"0","0","0","广东省东莞市东城街道G94珠三角环线高速","0","0","0","0","0",0,0,1,4,3,23.07829135,113.7987384,0,0,0,0
520,"0","0","0","广东省东莞市东城街道环城东路辅路花园城","0","0","0","0","0",0,0,1,4,3,23.06286454,113.7987584,0,0,0,0
521,"0","0","0","广东省东莞市东城街道堑头汉塘街一巷佳力大厦","0","0","0","0","0",0,0,1,4,3,23.0553869,113.7700911,0,0,0,0
522,"0","0","0","广东省东莞市塘厦镇塘龙中路500号浙企大厦","0","0","0","0","0",0,0,1,4,3,22.80016347,114.0627615,0,0,0,0
523,"0","0","0","广东省东莞市麻涌镇麻涌服务区","0","0","0","0","0",0,0,1,4,3,23.04845541,113.5499061,0,0,0,0
524,"0","0","0","广东省东莞市长安镇莲花路陶然豪园","0","0","0","0","0",0,0,1,4,3,22.82104527,113.8090357,0,0,0,0
525,"0","0","0","广东省东莞市长安镇兴龙街125号","0","0","0","0","0",0,0,1,4,3,22.7958979,113.7978335,0,0,0,0
526,"0","0","0","广东省东莞市高埗镇高埗江滨广场","0","0","0","0","0",0,0,1,4,3,23.06060865,113.7374003,0,0,0,0
527,"0","0","0","广东省东莞市寮步镇广东方振新材料精密组件有限公司生活区","0","0","0","0","0",0,0,1,4,3,23.01783954,113.8233686,0,0,0,0
528,"0","0","0","广东省东莞市东城街道金龙路","0","0","0","0","0",0,0,1,4,3,23.05828484,113.8147964,0,0,0,0
529,"0","0","0","广东省东莞市松山湖管委会喜悦酒店(东南门)松涛公寓","0","0","0","0","0",0,0,1,4,3,22.96936454,113.8966138,0,0,0,0
530,"0","0","0","广东省东莞市东城街道旗峰路","0","0","0","0","0",0,0,1,4,3,23.01465206,113.7680676,0,0,0,0
531,"0","0","0","广东省东莞市东城街道八一路103号","0","0","0","0","0",0,0,1,4,3,22.99522565,113.8000233,0,0,0,0
532,"0","0","0","广东省东莞市东城街道慧丰工业园(砖窑三路)","0","0","0","0","0",0,0,1,4,3,23.05866525,113.8321688,0,0,0,0
533,"0","0","0","广东省东莞市南城街道高盛科技园北区","0","0","0","0","0",0,0,1,4,3,22.98744806,113.725147,0,0,0,0
534,"0","0","0","广东省东莞市南城街道宏图路","0","0","0","0","0",0,0,1,4,3,22.99313225,113.7323716,0,0,0,0
535,"0","0","0","广东省东莞市寮步镇紫菊路","0","0","0","0","0",0,0,1,4,3,23.02871297,113.8045789,0,0,0,0
536,"0","0","0","广东省东莞市南城街道板岭路","0","0","0","0","0",0,0,1,4,3,22.97417485,113.7345883,0,0,0,0
537,"0","0","0","广东省东莞市厚街镇寮厦大道27号-D","0","0","0","0","0",0,0,1,4,3,22.94132785,113.6767951,0,0,0,0
538,"0","0","0","广东省佛山市顺德区大良街道顺德机托幼儿园顺德区第一中学外国语学校","0","0","0","0","0",0,0,1,4,3,22.84339687,113.2557574,0,0,0,0
539,"0","0","0","广东省东莞市东城街道桑园工业路美尔敦塑料电子厂(生活区)","0","0","0","0","0",0,0,1,4,3,23.06167985,113.8102199,0,0,0,0
540,"0","0","0","广东省佛山市三水区西南街道驿岗","0","0","0","0","0",0,0,1,4,3,23.17934885,112.8994031,0,0,0,0
541,"0","0","0","广东省佛山市南海区狮山镇工业大道西","0","0","0","0","0",0,0,1,4,3,23.17455266,113.0688513,0,0,0,0
542,"0","0","0","广东省佛山市三水区西南街道贤兴路10号1座","0","0","0","0","0",0,0,1,4,3,23.17677756,112.8784023,0,0,0,0
543,"0","0","0","广东省佛山市三水区西南街道德兴北路雅居乐雅湖半岛","0","0","0","0","0",0,0,1,4,3,23.16943397,112.9073857,0,0,0,0
544,"0","0","0","广东省佛山市三水区乐平镇418乡道佛山市三水区乐平镇辉豪胶袋厂","0","0","0","0","0",0,0,1,4,3,23.2615299,113.0247518,0,0,0,0
545,"0","0","0","广东省佛山市三水区西南街道同福路67号","0","0","0","0","0",0,0,1,4,3,23.16865186,112.8938126,0,0,0,0
546,"0","0","0","广东省佛山市三水区西南街道G55二广高速","0","0","0","0","0",0,0,1,4,3,23.16321812,112.9148997,0,0,0,0
547,"0","0","0","广东省佛山市三水区白坭镇小塘岗新村","0","0","0","0","0",0,0,1,4,3,23.07057951,112.8445408,0,0,0,0
548,"0","0","0","广东省佛山市南海区西樵镇沙仔尾西樵平沙岛","0","0","0","0","0",0,0,1,4,3,22.90422292,112.9019826,0,0,0,0
549,"0","0","0","广东省佛山市南海区桂城街道南港路平北小学","0","0","0","0","0",0,0,1,4,3,23.0386685,113.2034172,0,0,0,0
550,"0","0","0","广东省佛山市南海区里水镇里横路","0","0","0","0","0",0,0,1,4,3,23.20300498,113.1713931,0,0,0,0
551,"0","0","0","广东省佛山市三水区西南街道三水雅居乐房地产有限公司员工宿舍高丰新村","0","0","0","0","0",0,0,1,4,3,23.17018893,112.9060636,0,0,0,0
552,"0","0","0","广东省佛山市顺德区伦教街道悦强气弹簧制造有限公司","0","0","0","0","0",0,0,1,4,3,22.87794292,113.2265578,0,0,0,0
553,"0","0","0","广东省佛山市南海区里水镇工业大道36号恒大·御景半岛","0","0","0","0","0",0,0,1,4,3,23.18828575,113.2051584,0,0,0,0
554,"0","0","0","广东省佛山市南海区大沥镇朝阳大街","0","0","0","0","0",0,0,1,4,3,23.1176526,113.1774208,0,0,0,0
555,"0","0","0","广东省佛山市南海区狮山镇涌口","0","0","0","0","0",0,0,1,4,3,23.14659839,113.1104485,0,0,0,0
556,"0","0","0","广东省佛山市南海区大沥镇沿江路5号","0","0","0","0","0",0,0,1,4,3,23.12232763,113.1914852,0,0,0,0
557,"0","0","0","广东省佛山市三水区西南街道康乐三街7座西南街第十二小区","0","0","0","0","0",0,0,1,4,3,23.16730584,112.902416,0,0,0,0
558,"0","0","0","广东省佛山市南海区大沥镇S81广州环城高速","0","0","0","0","0",0,0,1,4,3,23.10435408,113.1991211,0,0,0,0
559,"0","0","0","广东省佛山市南海区狮山镇松云路","0","0","0","0","0",0,0,1,4,3,23.18585718,113.0927552,0,0,0,0
560,"0","0","0","广东省佛山市南海区桂城街道中海千灯湖1号","0","0","0","0","0",0,0,1,4,3,23.06677042,113.1421953,0,0,0,0
561,"0","0","0","广东省佛山市南海区丹灶镇丹之轩","0","0","0","0","0",0,0,1,4,3,23.04403683,112.9214509,0,0,0,0
562,"0","0","0","广东省佛山市南海区九江镇大稔","0","0","0","0","0",0,0,1,4,3,22.83661574,113.0000318,0,0,0,0
563,"0","0","0","广东省佛山市禅城区南庄镇紫洞北路","0","0","0","0","0",0,0,1,4,3,23.00707365,113.008964,0,0,0,0
564,"0","0","0","广东省佛山市南海区西樵镇民强中路","0","0","0","0","0",0,0,1,4,3,22.95343786,112.9712874,0,0,0,0
565,"0","0","0","广东省佛山市南海区狮山镇南海区狮山龙华白莲蓉食品厂长安园","0","0","0","0","0",0,0,1,4,3,23.07826539,113.0413813,0,0,0,0
566,"0","0","0","广东省佛山市南海区狮山镇S82佛山一环高速辅路","0","0","0","0","0",0,0,1,4,3,23.11360001,113.0152889,0,0,0,0
567,"0","0","0","广东省佛山市南海区桂城街道南港路平北小学","0","0","0","0","0",0,0,1,4,3,23.0386685,113.2034172,0,0,0,0
568,"0","0","0","广东省佛山市南海区桂城街道荣耀房地产开发有限公司","0","0","0","0","0",0,0,1,4,3,23.0695963,113.156189,0,0,0,0
569,"0","0","0","广东省佛山市高明区荷城街道沿江路82号荷城公园","0","0","0","0","0",0,0,1,4,3,22.90311313,112.8923366,0,0,0,0
570,"0","0","0","广东省佛山市南海区桂城街道鸿馨四海江南名居熙苑","0","0","0","0","0",0,0,1,4,3,23.06369651,113.1355791,0,0,0,0
571,"0","0","0","广东省佛山市高明区荷城街道沿江路","0","0","0","0","0",0,0,1,4,3,22.91055956,112.8841425,0,0,0,0
572,"0","0","0","广东省佛山市南海区桂城街道简二东边坊30号","0","0","0","0","0",0,0,1,4,3,23.03863041,113.1704547,0,0,0,0
573,"0","0","0","广东省佛山市南海区桂城街道佛山市谱乐诗商贸有限公司","0","0","0","0","0",0,0,1,4,3,23.06573343,113.1321153,0,0,0,0
574,"0","0","0","广东省佛山市三水区西南街道城央别墅","0","0","0","0","0",0,0,1,4,3,23.15666359,112.9049408,0,0,0,0
575,"0","0","0","广东省佛山市南海区狮山镇北湖二路","0","0","0","0","0",0,0,1,4,3,23.07059532,113.0576611,0,0,0,0
576,"0","0","0","广东省佛山市南海区狮山镇东区二路5号","0","0","0","0","0",0,0,1,4,3,23.0723988,113.0896832,0,0,0,0
577,"0","0","0","广东省佛山市南海区桂城街道桂澜中路24号驿居酒店(佛山南海城市广场店)","0","0","0","0","0",0,0,1,4,3,23.03791217,113.1563516,0,0,0,0
578,"0","0","0","广东省佛山市高明区荷城街道文昌路183号4座","0","0","0","0","0",0,0,1,4,3,22.89624538,112.8883289,0,0,0,0
579,"0","0","0","广东省广州市白云区人和镇六间","0","0","0","0","0",0,0,1,4,3,23.33555566,113.3075287,0,0,0,0
580,"0","0","0","广东省佛山市南海区狮山镇东区二路5号","0","0","0","0","0",0,0,1,4,3,23.0723988,113.0896832,0,0,0,0
581,"0","0","0","广东省佛山市南海区丹灶镇桂丹路辅路","0","0","0","0","0",0,0,1,4,3,23.06817647,112.9707635,0,0,0,0
582,"0","0","0","广东省佛山市南海区桂城街道环山路雷岗公园","0","0","0","0","0",0,0,1,4,3,23.04372806,113.1470411,0,0,0,0
583,"0","0","0","广东省佛山市南海区桂城街道皇朝家私(家天下店)","0","0","0","0","0",0,0,1,4,3,23.03964619,113.154622,0,0,0,0
584,"0","0","0","广东省佛山市禅城区南庄镇佛山农商银行(罗格支行)","0","0","0","0","0",0,0,1,4,3,22.98796007,113.0170859,0,0,0,0
585,"0","0","0","广东省佛山市南海区狮山镇佛山市南海虹波塑料厂","0","0","0","0","0",0,0,1,4,3,23.0968614,113.041882,0,0,0,0
586,"0","0","0","广东省佛山市南海区桂城街道钻盛磨砂厂丽日广场","0","0","0","0","0",0,0,1,4,3,23.01479481,113.1651816,0,0,0,0
587,"0","0","0","广东省佛山市高明区明城镇合和大道","0","0","0","0","0",0,0,1,4,3,22.82452268,112.6832583,0,0,0,0
588,"0","0","0","广东省佛山市禅城区祖庙街道南二路40号","0","0","0","0","0",0,0,1,4,3,23.04112492,113.1373402,0,0,0,0
589,"0","0","0","广东省佛山市禅城区石湾镇街道汾江南路27号1季华花园","0","0","0","0","0",0,0,1,4,3,23.00022308,113.1080614,0,0,0,0
590,"0","0","0","广东省佛山市高明区荷城街道苏棠楼","0","0","0","0","0",0,0,1,4,3,22.90119911,112.8850012,0,0,0,0
591,"0","0","0","广东省佛山市禅城区石湾镇街道文华公园","0","0","0","0","0",0,0,1,4,3,23.00675916,113.1290287,0,0,0,0
592,"0","0","0","广东省佛山市禅城区张槎街道中发幼儿园","0","0","0","0","0",0,0,1,4,3,23.03480604,113.0880386,0,0,0,0
593,"0","0","0","广东省佛山市禅城区张槎街道佛山市筑业协会建设培训基地","0","0","0","0","0",0,0,1,4,3,23.03489605,113.0901446,0,0,0,0
594,"0","0","0","广东省佛山市南海区丹灶镇下安大道","0","0","0","0","0",0,0,1,4,3,23.00573639,112.9707899,0,0,0,0
595,"0","0","0","广东省佛山市禅城区张槎街道兴业二路绿地未来城东区","0","0","0","0","0",0,0,1,4,3,23.03905705,113.072597,0,0,0,0
596,"0","0","0","广东省佛山市禅城区南庄镇佛山钻牌陶瓷仓库","0","0","0","0","0",0,0,1,4,3,22.94081692,113.0626781,0,0,0,0
597,"0","0","0","广东省佛山市禅城区祖庙街道荣华楼岭南雅居","0","0","0","0","0",0,0,1,4,3,23.0407653,113.1115737,0,0,0,0
598,"0","0","0","广东省佛山市禅城区祖庙街道丝织路8号B楼","0","0","0","0","0",0,0,1,4,3,23.0387396,113.1073721,0,0,0,0
599,"0","0","0","广东省佛山市禅城区张槎街道东平水道","0","0","0","0","0",0,0,1,4,3,23.00421017,113.0704232,0,0,0,0
600,"0","0","0","广东省佛山市禅城区张槎街道朗宝针织工业园","0","0","0","0","0",0,0,1,4,3,23.0488615,113.0718864,0,0,0,0
601,"0","0","0","广东省佛山市禅城区张槎街道古新路","0","0","0","0","0",0,0,1,4,3,23.03429331,113.0640067,0,0,0,0
602,"0","0","0","广东省佛山市禅城区祖庙街道福贤路43号","0","0","0","0","0",0,0,1,4,3,23.03041581,113.121425,0,0,0,0
603,"0","0","0","广东省佛山市禅城区祖庙街道镇安西路","0","0","0","0","0",0,0,1,4,3,23.0208495,113.1393148,0,0,0,0
604,"0","0","0","广东省佛山市禅城区南庄镇中国信合(上元分社)","0","0","0","0","0",0,0,1,4,3,22.9908325,113.0723102,0,0,0,0
605,"0","0","0","广东省佛山市南海区桂城街道广东理工职业学院南海广播电视大学","0","0","0","0","0",0,0,1,4,3,23.02630556,113.1403491,0,0,0,0
606,"0","0","0","广东省佛山市禅城区祖庙街道上沙街","0","0","0","0","0",0,0,1,4,3,23.04334065,113.1056167,0,0,0,0
607,"0","0","0","广东省佛山市禅城区张槎街道张槎一路109号华南创谷总部大楼东区","0","0","0","0","0",0,0,1,4,3,23.02991483,113.0576595,0,0,0,0
608,"0","0","0","广东省佛山市禅城区祖庙街道季华五路53号佛山万科广场","0","0","0","0","0",0,0,1,4,3,23.01281035,113.1202326,0,0,0,0
609,"0","0","0","广东省佛山市禅城区祖庙街道文沙街","0","0","0","0","0",0,0,1,4,3,23.04516433,113.1210046,0,0,0,0
610,"0","0","0","广东省佛山市禅城区张槎街道东平水道","0","0","0","0","0",0,0,1,4,3,23.0024026,113.0651869,0,0,0,0
611,"0","0","0","广东省佛山市禅城区祖庙街道鸿仁制衣厂","0","0","0","0","0",0,0,1,4,3,23.03004352,113.1298659,0,0,0,0
612,"0","0","0","广东省东莞市厚街镇平衡路","0","0","0","0","0",0,0,1,4,3,22.91452474,113.6760975,0,0,0,0
613,"0","0","0","广东省东莞市清溪镇北环路","0","0","0","0","0",0,0,1,4,3,22.85615682,114.1539907,0,0,0,0
614,"0","0","0","广东省佛山市禅城区石湾镇街道河西村","0","0","0","0","0",0,0,1,4,3,23.009444,113.0925428,0,0,0,0
615,"0","0","0","广东省东莞市常平镇木棆路197号","0","0","0","0","0",0,0,1,4,3,22.97994563,114.0020847,0,0,0,0
616,"0","0","0","广东省佛山市南海区桂城街道怡翠玫瑰园(财富城)怡翠玫瑰园","0","0","0","0","0",0,0,1,4,3,23.0103936,113.1462973,0,0,0,0
617,"0","0","0","广东省佛山市禅城区石湾镇街道龙光·天湖郦都","0","0","0","0","0",0,0,1,4,3,23.00576024,113.1355665,0,0,0,0
618,"0","0","0","广东省东莞市厚街镇莞太路万达广场(莞太路)","0","0","0","0","0",0,0,1,4,3,22.94362798,113.6756826,0,0,0,0
619,"0","0","0","广东省东莞市石排镇联和路","0","0","0","0","0",0,0,1,4,3,23.08043298,113.9678196,0,0,0,0
620,"0","0","0","广东省东莞市大朗镇富华花园","0","0","0","0","0",0,0,1,4,3,22.93224969,113.9403339,0,0,0,0
621,"0","0","0","广东省东莞市清溪镇葵青路84号","0","0","0","0","0",0,0,1,4,3,22.79339959,114.1608936,0,0,0,0
622,"0","0","0","广东省东莞市长安镇新岗路长安科艺幼儿园","0","0","0","0","0",0,0,1,4,3,22.80018488,113.7826897,0,0,0,0
623,"0","0","0","广东省东莞市东坑镇昌盛运动器材厂","0","0","0","0","0",0,0,1,4,3,22.97892268,113.956267,0,0,0,0
624,"0","0","0","广东省东莞市虎门镇信垅路","0","0","0","0","0",0,0,1,4,3,22.83110817,113.7801718,0,0,0,0
625,"0","0","0","广东省东莞市凤岗镇东莞亚岑照明有限公司","0","0","0","0","0",0,0,1,4,3,22.72831758,114.1967043,0,0,0,0
626,"0","0","0","广东省东莞市塘厦镇田心路","0","0","0","0","0",0,0,1,4,3,22.78108249,114.0574014,0,0,0,0
627,"0","0","0","广东省东莞市塘厦镇东莞首创金属制品有限公司","0","0","0","0","0",0,0,1,4,3,22.79633118,114.0632326,0,0,0,0
628,"0","0","0","广东省东莞市长安镇莲花路陶然豪园","0","0","0","0","0",0,0,1,4,3,22.82104527,113.8090357,0,0,0,0
629,"0","0","0","广东省东莞市茶山镇大堂山公园","0","0","0","0","0",0,0,1,4,3,23.04883737,113.8557656,0,0,0,0
630,"0","0","0","广东省东莞市长安镇莲花路咸西莲花村","0","0","0","0","0",0,0,1,4,3,22.81973576,113.8093302,0,0,0,0
631,"0","0","0","广东省东莞市厚街镇厚沙路","0","0","0","0","0",0,0,1,4,3,22.92277014,113.6689502,0,0,0,0
632,"0","0","0","广东省东莞市虎门镇龙眼七路","0","0","0","0","0",0,0,1,4,3,22.8387028,113.7066879,0,0,0,0
633,"0","0","0","广东省东莞市寮步镇虚舟路","0","0","0","0","0",0,0,1,4,3,23.03128773,113.8334312,0,0,0,0
634,"0","0","0","广东省东莞市洪梅镇中心大道","0","0","0","0","0",0,0,1,4,3,22.99889137,113.6206429,0,0,0,0
635,"0","0","0","广东省东莞市塘厦镇塘天北路86号","0","0","0","0","0",0,0,1,4,3,22.7920915,114.1017881,0,0,0,0
636,"0","0","0","广东省东莞市东城街道伟民路","0","0","0","0","0",0,0,1,4,3,22.96921119,113.7638371,0,0,0,0
637,"0","0","0","广东省东莞市塘厦镇G94珠三角环线高速","0","0","0","0","0",0,0,1,4,3,22.76781337,114.0421691,0,0,0,0
638,"0","0","0","广东省东莞市东城街道新楼工业街","0","0","0","0","0",0,0,1,4,3,23.05029788,113.7566159,0,0,0,0
639,"0","0","0","广东省东莞市虎门镇金龙路5号华美小区","0","0","0","0","0",0,0,1,4,3,22.8188764,113.6774155,0,0,0,0
640,"0","0","0","广东省东莞市黄江镇东环路","0","0","0","0","0",0,0,1,4,3,22.88245435,114.0068175,0,0,0,0
641,"0","0","0","广东省东莞市凤岗镇金凤凰大道81号金凤凰学校(初中部)","0","0","0","0","0",0,0,1,4,3,22.7406896,114.1664449,0,0,0,0
642,"0","0","0","广东省东莞市谢岗镇花园大道","0","0","0","0","0",0,0,1,4,3,22.96547337,114.1542792,0,0,0,0
643,"0","0","0","广东省东莞市凤岗镇陂仔","0","0","0","0","0",0,0,1,4,3,22.69796842,114.1787142,0,0,0,0
644,"0","0","0","广东省东莞市谢岗镇楠楠饮食店","0","0","0","0","0",0,0,1,4,3,22.96920507,114.1741551,0,0,0,0
645,"0","0","0","广东省东莞市寮步镇同和路29号","0","0","0","0","0",0,0,1,4,3,23.03504106,113.8561107,0,0,0,0
646,"0","0","0","广东省东莞市寮步镇元英路52号","0","0","0","0","0",0,0,1,4,3,23.02874532,113.8311519,0,0,0,0
647,"0","0","0","广东省东莞市石碣镇新兴五金制罐厂","0","0","0","0","0",0,0,1,4,3,23.10214598,113.8030771,0,0,0,0
648,"0","0","0","广东省东莞市寮步镇岭厦人民公园","0","0","0","0","0",0,0,1,4,3,23.0230261,113.8416605,0,0,0,0
649,"0","0","0","广东省东莞市清溪镇重河村","0","0","0","0","0",0,0,1,4,3,22.84421485,114.1744379,0,0,0,0
650,"0","0","0","广东省东莞市东城街道砖窑四路","0","0","0","0","0",0,0,1,4,3,23.06377156,113.834619,0,0,0,0
651,"0","0","0","广东省东莞市寮步镇欧多诗贝电子(东莞)有限公司","0","0","0","0","0",0,0,1,4,3,23.0284963,113.848423,0,0,0,0
652,"0","0","0","广东省东莞市清溪镇重木公园一巷","0","0","0","0","0",0,0,1,4,3,22.84485611,114.1728089,0,0,0,0
653,"0","0","0","广东省东莞市寮步镇致富街南友运动用品有限公司","0","0","0","0","0",0,0,1,4,3,23.02631551,113.8422567,0,0,0,0
654,"0","0","0","广东省佛山市顺德区龙江镇金紫公园佛奥棕榈园","0","0","0","0","0",0,0,1,4,3,22.85760935,113.0531252,0,0,0,0
655,"0","0","0","广东省佛山市禅城区南庄镇佛山农商银行(罗格支行)","0","0","0","0","0",0,0,1,4,3,22.98796007,113.0170859,0,0,0,0
656,"0","0","0","广东省佛山市顺德区勒流街道东胜街","0","0","0","0","0",0,0,1,4,3,22.84851008,113.1870299,0,0,0,0
657,"0","0","0","广东省佛山市顺德区伦教街道顺德伦教工业开发区","0","0","0","0","0",0,0,1,4,3,22.88459841,113.2182759,0,0,0,0
658,"0","0","0","广东省佛山市顺德区北滘镇林港路广东美的生活电器制造有限公司","0","0","0","0","0",0,0,1,4,3,22.9138949,113.2240878,0,0,0,0
659,"0","0","0","广东省佛山市顺德区陈村镇吴家围东区三巷","0","0","0","0","0",0,0,1,4,3,22.9652963,113.2460732,0,0,0,0
660,"0","0","0","广东省佛山市顺德区龙江镇121省道辅路","0","0","0","0","0",0,0,1,4,3,22.87852312,113.0553623,0,0,0,0
661,"0","0","0","广东省佛山市顺德区龙江镇121省道辅路","0","0","0","0","0",0,0,1,4,3,22.87852312,113.0553623,0,0,0,0
662,"0","0","0","广东省佛山市顺德区均安镇建安路","0","0","0","0","0",0,0,1,4,3,22.70990173,113.1682307,0,0,0,0
663,"0","0","0","广东省佛山市禅城区石湾镇街道江湾三路中国陶瓷城","0","0","0","0","0",0,0,1,4,3,23.00974206,113.0855228,0,0,0,0
664,"0","0","0","广东省佛山市顺德区大良街道新村三街","0","0","0","0","0",0,0,1,4,3,22.80363066,113.2523984,0,0,0,0
665,"0","0","0","广东省佛山市顺德区均安镇新均榄路","0","0","0","0","0",0,0,1,4,3,22.72036334,113.1550942,0,0,0,0
666,"0","0","0","广东省佛山市顺德区伦教街道长丰南苑","0","0","0","0","0",0,0,1,4,3,22.85727159,113.2677905,0,0,0,0
667,"0","0","0","广东省佛山市顺德区容桂街道利丰南路4号","0","0","0","0","0",0,0,1,4,3,22.76789967,113.2924173,0,0,0,0
668,"0","0","0","广东省佛山市顺德区伦教街道114乡道","0","0","0","0","0",0,0,1,4,3,22.84690063,113.2779749,0,0,0,0
669,"0","0","0","广东省佛山市顺德区北滘镇三乐路","0","0","0","0","0",0,0,1,4,3,22.90953334,113.1809251,0,0,0,0
670,"0","0","0","广东省佛山市顺德区北滘镇尚品宅配(新都荟店)","0","0","0","0","0",0,0,1,4,3,22.93017212,113.2183671,0,0,0,0
671,"0","0","0","广东省佛山市顺德区勒流街道东风工业大道161号","0","0","0","0","0",0,0,1,4,3,22.86636347,113.1383829,0,0,0,0
672,"0","0","0","广东省佛山市顺德区龙江镇金紫公园佛奥棕榈园","0","0","0","0","0",0,0,1,4,3,22.85737617,113.0534819,0,0,0,0
673,"0","0","0","广东省佛山市顺德区大良街道展业路4-11号","0","0","0","0","0",0,0,1,4,3,22.82250546,113.2418331,0,0,0,0
674,"0","0","0","广东省佛山市顺德区伦教街道佛山市福来客贸易有限公司","0","0","0","0","0",0,0,1,4,3,22.8821413,113.2179369,0,0,0,0
675,"0","0","0","广东省佛山市南海区桂城街道南港路平北小学","0","0","0","0","0",0,0,1,4,3,23.0386685,113.2034172,0,0,0,0
676,"0","0","0","广东省佛山市顺德区大良街道云桂十街9号","0","0","0","0","0",0,0,1,4,3,22.85271431,113.2565554,0,0,0,0
677,"0","0","0","广东省佛山市南海区狮山镇广云路","0","0","0","0","0",0,0,1,4,3,23.12824102,113.0139313,0,0,0,0
678,"0","0","0","广东省广州市荔湾区石围塘街道西约大街桥兴苑","0","0","0","0","0",0,0,1,4,3,23.10103232,113.2116872,0,0,0,0
679,"0","0","0","广东省佛山市顺德区大良街道岭东路3号凯丽山庄","0","0","0","0","0",0,0,1,4,3,22.80574632,113.2755918,0,0,0,0
680,"0","0","0","广东省佛山市南海区狮山镇沿江北路松晖名苑(建设中)","0","0","0","0","0",0,0,1,4,3,23.14631831,113.1050926,0,0,0,0
681,"0","0","0","广东省佛山市顺德区大良街道东康四街八巷","0","0","0","0","0",0,0,1,4,3,22.84139024,113.2631754,0,0,0,0
682,"0","0","0","广东省佛山市顺德区大良街道云景路2-3号海琴湾(云良路)","0","0","0","0","0",0,0,1,4,3,22.84799685,113.265445,0,0,0,0
683,"0","0","0","广东省佛山市顺德区大良街道展业路4-11号","0","0","0","0","0",0,0,1,4,3,22.82250546,113.2418331,0,0,0,0
684,"0","0","0","广东省佛山市顺德区大良街道大良街道办事处","0","0","0","0","0",0,0,1,4,3,22.8413378,113.2528321,0,0,0,0
685,"0","0","0","广东省东莞市虎门镇G4京港澳高速","0","0","0","0","0",0,0,1,4,3,22.81782912,113.7288782,0,0,0,0
686,"0","0","0","广东省东莞市厚街镇杨公洲村下谷小组120号楼","0","0","0","0","0",0,0,1,4,3,22.91334578,113.6256759,0,0,0,0
687,"0","0","0","广东省东莞市石龙镇同心林","0","0","0","0","0",0,0,1,4,3,23.10425851,113.8644239,0,0,0,0
688,"0","0","0","广东省佛山市南海区里水镇和顺小学路","0","0","0","0","0",0,0,1,4,3,23.25434329,113.1416733,0,0,0,0
689,"0","0","0","广东省东莞市长安镇永业一街","0","0","0","0","0",0,0,1,4,3,22.80461472,113.7389577,0,0,0,0
690,"0","0","0","广东省佛山市南海区狮山镇广东省工业贸易职业技术学校","0","0","0","0","0",0,0,1,4,3,23.22978218,113.0857182,0,0,0,0
691,"0","0","0","广东省佛山市南海区狮山镇广云路","0","0","0","0","0",0,0,1,4,3,23.12824102,113.0139313,0,0,0,0
692,"0","0","0","广东省佛山市南海区狮山镇柏莱利泰酒店(佛山松岗店)","0","0","0","0","0",0,0,1,4,3,23.15072393,113.1068267,0,0,0,0
693,"0","0","0","广东省佛山市禅城区祖庙街道丝织路17号小区","0","0","0","0","0",0,0,1,4,3,23.04014697,113.1074724,0,0,0,0
694,"0","0","0","广东省佛山市南海区桂城街道新仓街6号","0","0","0","0","0",0,0,1,4,3,23.03509621,113.215227,0,0,0,0
695,"0","0","0","广东省东莞市万江街道拔蛟窝小学","0","0","0","0","0",0,0,1,4,3,23.06712166,113.711025,0,0,0,0
696,"0","0","0","广东省东莞市常平镇金美花园富豪酒店","0","0","0","0","0",0,0,1,4,3,22.96894263,113.9857532,0,0,0,0
697,"0","0","0","广东省东莞市清溪镇清溪大道299号","0","0","0","0","0",0,0,1,4,3,22.8249516,114.1473047,0,0,0,0
698,"0","0","0","广东省东莞市寮步镇银湖花园","0","0","0","0","0",0,0,1,4,3,23.02986674,113.8069493,0,0,0,0
699,"0","0","0","广东省佛山市南海区大沥镇桂丹路","0","0","0","0","0",0,0,1,4,3,23.06397425,113.1073552,0,0,0,0
700,"0","0","0","广东省东莞市厚街镇莞太路辅路","0","0","0","0","0",0,0,1,4,3,22.92463744,113.6632245,0,0,0,0
701,"0","0","0","广东省东莞市厚街镇莞太路","0","0","0","0","0",0,0,1,4,3,22.94434236,113.6771283,0,0,0,0
702,"0","0","0","广东省东莞市清溪镇清溪晨光第一学校","0","0","0","0","0",0,0,1,4,3,22.84443218,114.1749839,0,0,0,0
703,"0","0","0","广东省东莞市塘厦镇田心路","0","0","0","0","0",0,0,1,4,3,22.78108249,114.0574014,0,0,0,0
704,"0","0","0","广东省东莞市黄江镇富康花园(环城路)","0","0","0","0","0",0,0,1,4,3,22.91789735,114.0148092,0,0,0,0
705,"0","0","0","广东省东莞市茶山镇东莞市明威视觉自动化设备有限公司","0","0","0","0","0",0,0,1,4,3,23.08248182,113.8756202,0,0,0,0
706,"0","0","0","广东省东莞市塘厦镇塘厦大道南97-7东","0","0","0","0","0",0,0,1,4,3,22.78849837,114.1091621,0,0,0,0
707,"0","0","0","广东省东莞市石碣镇石碣民丰塑胶制品厂治保会","0","0","0","0","0",0,0,1,4,3,23.10904412,113.824964,0,0,0,0
708,"0","0","0","广东省东莞市厚街镇汇众乘研锡业有限公司","0","0","0","0","0",0,0,1,4,3,22.88864948,113.6687951,0,0,0,0
709,"0","0","0","广东省东莞市虎门镇连升北路807号平苑","0","0","0","0","0",0,0,1,4,3,22.82311516,113.682687,0,0,0,0
710,"0","0","0","广东省东莞市横沥镇河畔花园富雅苑16号楼河畔花园","0","0","0","0","0",0,0,1,4,3,23.02147069,113.9767303,0,0,0,0
711,"0","0","0","广东省东莞市黄江镇蔡美二路3号","0","0","0","0","0",0,0,1,4,3,22.84158065,113.9837534,0,0,0,0
712,"0","0","0","广东省东莞市长安镇上角莹光別墅","0","0","0","0","0",0,0,1,4,3,22.80193697,113.7215484,0,0,0,0
713,"0","0","0","广东省东莞市中堂镇北王路6号东莞中堂车站","0","0","0","0","0",0,0,1,4,3,23.09996972,113.6603676,0,0,0,0
714,"0","0","0","广东省东莞市虎门镇虎门大道26号能源华庄别墅区","0","0","0","0","0",0,0,1,4,3,22.82065293,113.6793236,0,0,0,0
715,"0","0","0","广东省东莞市东坑镇横东路111号","0","0","0","0","0",0,0,1,4,3,23.00078427,113.9509232,0,0,0,0
716,"0","0","0","广东省东莞市凤岗镇光华二街7-5号","0","0","0","0","0",0,0,1,4,3,22.74394534,114.1439999,0,0,0,0
717,"0","0","0","广东省东莞市虎门镇龙眼七路","0","0","0","0","0",0,0,1,4,3,22.8387028,113.7066879,0,0,0,0
718,"0","0","0","广东省东莞市凤岗镇镇田小学","0","0","0","0","0",0,0,1,4,3,22.70228568,114.1736681,0,0,0,0
719,"0","0","0","广东省东莞市虎门镇怀德路","0","0","0","0","0",0,0,1,4,3,22.8291523,113.7347647,0,0,0,0
720,"0","0","0","广东省东莞市桥头镇联合街24号","0","0","0","0","0",0,0,1,4,3,23.02506148,114.1035973,0,0,0,0
721,"0","0","0","广东省东莞市凤岗镇鹤龙块新一巷凤岗中心小学","0","0","0","0","0",0,0,1,4,3,22.74829892,114.1391543,0,0,0,0
722,"0","0","0","广东省东莞市厚街镇G4京港澳高速","0","0","0","0","0",0,0,1,4,3,22.87660886,113.675044,0,0,0,0
723,"0","0","0","广东省深圳市龙岗区龙岗街道龙园路549号","0","0","0","0","0",0,0,1,4,3,22.73591184,114.2757904,0,0,0,0
724,"0","0","0","广东省东莞市茶山镇东莞市明威视觉自动化设备有限公司","0","0","0","0","0",0,0,1,4,3,23.08248182,113.8756202,0,0,0,0
725,"0","0","0","广东省东莞市谢岗镇花园大道","0","0","0","0","0",0,0,1,4,3,22.96547337,114.1542792,0,0,0,0
726,"0","0","0","广东省东莞市塘厦镇北园一路","0","0","0","0","0",0,0,1,4,3,22.83586295,114.1128578,0,0,0,0
727,"0","0","0","广东省东莞市大朗镇银朗南路120号","0","0","0","0","0",0,0,1,4,3,22.94565906,113.9505843,0,0,0,0
728,"0","0","0","广东省东莞市东坑镇中兴大道北3号","0","0","0","0","0",0,0,1,4,3,23.00561717,113.9381655,0,0,0,0
729,"0","0","0","广东省佛山市顺德区伦教街道兴荔北路","0","0","0","0","0",0,0,1,4,3,22.88898088,113.2210372,0,0,0,0
730,"0","0","0","广东省佛山市顺德区容桂街道容桂大道北220号百昌商业城","0","0","0","0","0",0,0,1,4,3,22.76676047,113.2629498,0,0,0,0
731,"0","0","0","广东省佛山市顺德区伦教街道新洲街新路西巷","0","0","0","0","0",0,0,1,4,3,22.88479945,113.2589542,0,0,0,0
732,"0","0","0","广东省佛山市顺德区大良街道解元直街28号","0","0","0","0","0",0,0,1,4,3,22.84425565,113.2588793,0,0,0,0
733,"0","0","0","广东省佛山市顺德区北滘镇绿茵居三街1座顺德碧桂园西苑绿茵居","0","0","0","0","0",0,0,1,4,3,22.95119214,113.2670328,0,0,0,0
734,"0","0","0","广东省佛山市顺德区均安镇兴仁路5号","0","0","0","0","0",0,0,1,4,3,22.71129853,113.1614172,0,0,0,0
735,"0","0","0","广东省佛山市南海区里水镇佛山市南海区里水金星幼儿园","0","0","0","0","0",0,0,1,4,3,23.20445879,113.1633891,0,0,0,0
736,"0","0","0","广东省佛山市顺德区容桂街道沿江大道","0","0","0","0","0",0,0,1,4,3,22.78360392,113.2915659,0,0,0,0
737,"0","0","0","广东省佛山市三水区乐平镇乐华路","0","0","0","0","0",0,0,1,4,3,23.2604804,113.0236253,0,0,0,0
738,"0","0","0","广东省东莞市东城街道蓝郡一期蓝郡1期","0","0","0","0","0",0,0,1,4,3,22.9870642,113.7689429,0,0,0,0
739,"0","0","0","广东省佛山市南海区大沥镇顺景公寓住宿","0","0","0","0","0",0,0,1,4,3,23.09554245,113.1847645,0,0,0,0
740,"0","0","0","广东省佛山市南海区大沥镇北海路和华商业大楼","0","0","0","0","0",0,0,1,4,3,23.10350796,113.1836978,0,0,0,0
741,"0","0","0","广东省东莞市虎门镇虎门大道26号能源华庄别墅区","0","0","0","0","0",0,0,1,4,3,22.82065293,113.6793236,0,0,0,0
742,"0","0","0","广东省东莞市寮步镇寮城六街25号","0","0","0","0","0",0,0,1,4,3,22.98965586,113.8897387,0,0,0,0
743,"0","0","0","广东省东莞市厚街镇寮厦大道27号-D","0","0","0","0","0",0,0,1,4,3,22.94132785,113.6767951,0,0,0,0
744,"0","0","0","广东省东莞市塘厦镇樟深路167号","0","0","0","0","0",0,0,1,4,3,22.83399226,114.0968097,0,0,0,0
745,"0","0","0","广东省佛山市三水区西南街道石湖洲星华学校","0","0","0","0","0",0,0,1,4,3,23.22113868,112.9248459,0,0,0,0
746,"0","0","0","广东省东莞市东城街道东莞伸金电子有限公司","0","0","0","0","0",0,0,1,4,3,23.02429369,113.7913009,0,0,0,0
747,"0","0","0","广东省东莞市虎门镇虎门大道26号能源华庄别墅区","0","0","0","0","0",0,0,1,4,3,22.82065293,113.6793236,0,0,0,0
748,"0","0","0","广东省东莞市中堂镇裕华街九巷4号","0","0","0","0","0",0,0,1,4,3,23.09621418,113.6572812,0,0,0,0
749,"0","0","0","广东省东莞市东坑镇东坑大道南40号","0","0","0","0","0",0,0,1,4,3,22.97049574,113.9193364,0,0,0,0
750,"0","0","0","广东省东莞市横沥镇创富针织厂","0","0","0","0","0",0,0,1,4,3,23.02941462,113.9955167,0,0,0,0
751,"0","0","0","广东省东莞市石龙镇环岛路","0","0","0","0","0",0,0,1,4,3,23.11759803,113.8836368,0,0,0,0
752,"0","0","0","广东省东莞市长安镇怡景花园(莲峰北路)","0","0","0","0","0",0,0,1,4,3,22.8184991,113.8067168,0,0,0,0
753,"0","0","0","广东省东莞市厚街镇厚道路23号","0","0","0","0","0",0,0,1,4,3,22.962945,113.6786409,0,0,0,0
754,"0","0","0","广东省东莞市东城街道苏屋园樟村居民搬迁安置小区1期","0","0","0","0","0",0,0,1,4,3,23.06354452,113.7710582,0,0,0,0
755,"0","0","0","广东省东莞市长安镇康明街","0","0","0","0","0",0,0,1,4,3,22.80029657,113.7472574,0,0,0,0
756,"0","0","0","广东省东莞市茶山镇榄山","0","0","0","0","0",0,0,1,4,3,23.0781566,113.8741143,0,0,0,0
757,"0","0","0","广东省东莞市麻涌镇麻涌大道","0","0","0","0","0",0,0,1,4,3,23.05983215,113.5872324,0,0,0,0
758,"0","0","0","广东省佛山市南海区狮山镇和富·商业中心","0","0","0","0","0",0,0,1,4,3,23.12703337,113.0120037,0,0,0,0
759,"0","0","0","广东省东莞市万江街道万江路","0","0","0","0","0",0,0,1,4,3,23.04235254,113.7318371,0,0,0,0
760,"0","0","0","广东省东莞市塘厦镇塘新街19号","0","0","0","0","0",0,0,1,4,3,22.80869811,114.1002264,0,0,0,0
761,"0","0","0","广东省东莞市石碣镇彩虹西路169号","0","0","0","0","0",0,0,1,4,3,23.10500981,113.8198157,0,0,0,0
762,"0","0","0","广东省东莞市万江街道伟光灯饰","0","0","0","0","0",0,0,1,4,3,23.05466654,113.7414039,0,0,0,0
763,"0","0","0","广东省东莞市望牛墩镇环宝路","0","0","0","0","0",0,0,1,4,3,23.05714801,113.663448,0,0,0,0
764,"0","0","0","广东省东莞市东城街道莞温路","0","0","0","0","0",0,0,1,4,3,23.04229567,113.8077758,0,0,0,0
765,"0","0","0","广东省东莞市寮步镇石大路凯怡商务大厦","0","0","0","0","0",0,0,1,4,3,23.00371616,113.881268,0,0,0,0
766,"0","0","0","广东省东莞市南城街道三元路东莞众创金融街","0","0","0","0","0",0,0,1,4,3,23.00877683,113.7381856,0,0,0,0
767,"0","0","0","广东省东莞市松山湖管委会松山湖风景区","0","0","0","0","0",0,0,1,4,3,22.93815956,113.8870409,0,0,0,0
768,"0","0","0","广东省东莞市万江街道新基桥路十巷1号金地艺境水岸(建设中)","0","0","0","0","0",0,0,1,4,3,23.05080297,113.7156716,0,0,0,0
769,"0","0","0","广东省东莞市高埗镇高埗北联新村96号楼","0","0","0","0","0",0,0,1,4,3,23.0832246,113.7285264,0,0,0,0
770,"0","0","0","广东省东莞市东城街道东湖大酒店东盛大厦","0","0","0","0","0",0,0,1,4,3,23.05434269,113.7548907,0,0,0,0
771,"0","0","0","广东省东莞市黄江镇中泰峰境(建设中)","0","0","0","0","0",0,0,1,4,3,22.91669305,114.0248715,0,0,0,0
772,"0","0","0","广东省东莞市南城街道红山西路","0","0","0","0","0",0,0,1,4,3,23.02609965,113.746608,0,0,0,0
773,"0","0","0","广东省东莞市企石镇江滨路8号","0","0","0","0","0",0,0,1,4,3,23.07328362,114.0234467,0,0,0,0
774,"0","0","0","广东省东莞市石排镇长盛街19号","0","0","0","0","0",0,0,1,4,3,23.08636883,113.9505344,0,0,0,0
775,"0","0","0","广东省佛山市南海区狮山镇山南大道","0","0","0","0","0",0,0,1,4,3,23.13871675,113.111198,0,0,0,0
776,"0","0","0","广东省东莞市常平镇常马路1-4号","0","0","0","0","0",0,0,1,4,3,22.98807885,114.0208579,0,0,0,0
777,"0","0","0","广东省佛山市南海区丹灶镇东升北路","0","0","0","0","0",0,0,1,4,3,23.04326407,112.9260813,0,0,0,0
778,"0","0","0","广东省佛山市南海区丹灶镇西基路","0","0","0","0","0",0,0,1,4,3,23.061023,112.9221482,0,0,0,0
779,"0","0","0","广东省东莞市大朗镇金朗中路570号","0","0","0","0","0",0,0,1,4,3,22.94081175,113.9453226,0,0,0,0
780,"0","0","0","广东省东莞市东城街道光大·景湖花园","0","0","0","0","0",0,0,1,4,3,22.99587084,113.7621434,0,0,0,0
781,"0","0","0","广东省东莞市大岭山镇木头仔","0","0","0","0","0",0,0,1,4,3,22.91334142,113.8483693,0,0,0,0
782,"0","0","0","广东省东莞市南城街道新南路118号","0","0","0","0","0",0,0,1,4,3,22.97333327,113.730314,0,0,0,0
783,"0","0","0","广东省佛山市南海区丹灶镇佛山市南海区威欧电器厂","0","0","0","0","0",0,0,1,4,3,23.11276083,112.9299114,0,0,0,0
784,"0","0","0","广东省佛山市南海区大沥镇沙海大街","0","0","0","0","0",0,0,1,4,3,23.12358718,113.1648355,0,0,0,0
785,"0","0","0","广东省东莞市万江街道庆丰里","0","0","0","0","0",0,0,1,4,3,23.05913863,113.7431308,0,0,0,0
786,"0","0","0","广东省佛山市南海区狮山镇前进路11号A2","0","0","0","0","0",0,0,1,4,3,23.06812838,113.0255363,0,0,0,0
787,"0","0","0","广东省东莞市高埗镇高龙路113号","0","0","0","0","0",0,0,1,4,3,23.09724421,113.7523577,0,0,0,0
788,"0","0","0","广东省佛山市南海区里水镇南海饰仕丰汽车饰品有限公司广东志高空调有限公司","0","0","0","0","0",0,0,1,4,3,23.19885366,113.1851605,0,0,0,0
789,"0","0","0","广东省佛山市南海区大沥镇康乐路","0","0","0","0","0",0,0,1,4,3,23.09348295,113.1826215,0,0,0,0
790,"0","0","0","广东省佛山市南海区狮山镇七甫大街","0","0","0","0","0",0,0,1,4,3,23.23190692,113.0890874,0,0,0,0
791,"0","0","0","广东省佛山市南海区狮山镇皇庭灯饰","0","0","0","0","0",0,0,1,4,3,23.06279119,113.0623784,0,0,0,0
792,"0","0","0","广东省佛山市南海区大沥镇谢边收费站入口(广州方向)","0","0","0","0","0",0,0,1,4,3,23.06233415,113.1056841,0,0,0,0
793,"0","0","0","广东省佛山市南海区大沥镇西湖路110号","0","0","0","0","0",0,0,1,4,3,23.10971032,113.1808405,0,0,0,0
794,"0","0","0","广东省佛山市南海区狮山镇凤源东路31号","0","0","0","0","0",0,0,1,4,3,23.22923111,113.0827188,0,0,0,0
795,"0","0","0","广东省佛山市南海区丹灶镇沙墩冼村北街","0","0","0","0","0",0,0,1,4,3,23.11501909,112.9305637,0,0,0,0
796,"0","0","0","广东省佛山市南海区大沥镇广云路50号嘉怡花园(沥西路)","0","0","0","0","0",0,0,1,4,3,23.11526775,113.1169399,0,0,0,0
797,"0","0","0","广东省佛山市顺德区大良街道宝林路锐怡","0","0","0","0","0",0,0,1,4,3,22.80256864,113.2873979,0,0,0,0
798,"0","0","0","广东省佛山市南海区丹灶镇西基路","0","0","0","0","0",0,0,1,4,3,23.06007494,112.9216899,0,0,0,0
799,"0","0","0","广东省佛山市南海区狮山镇狮山镇松岗办事处","0","0","0","0","0",0,0,1,4,3,23.15029122,113.1092646,0,0,0,0
800,"0","0","0","广东省佛山市南海区大沥镇沥东村委会","0","0","0","0","0",0,0,1,4,3,23.11065649,113.1309687,0,0,0,0
801,"0","0","0","广东省佛山市南海区狮山镇北湖二路8号君湖天下花园","0","0","0","0","0",0,0,1,4,3,23.0650595,113.0572779,0,0,0,0
802,"0","0","0","广东省东莞市大朗镇佛子凹1区","0","0","0","0","0",0,0,1,4,3,22.93595157,113.8990852,0,0,0,0
803,"0","0","0","广东省东莞市石龙镇劳动街7号","0","0","0","0","0",0,0,1,4,3,23.11458393,113.8613142,0,0,0,0
804,"0","0","0","广东省东莞市大岭山镇教育北街13号","0","0","0","0","0",0,0,1,4,3,22.90672977,113.8475874,0,0,0,0
805,"0","0","0","广东省东莞市樟木头镇樟深路91号","0","0","0","0","0",0,0,1,4,3,22.9097662,114.0740398,0,0,0,0
806,"0","0","0","广东省东莞市石碣镇沿江东路","0","0","0","0","0",0,0,1,4,3,23.11465325,113.8369654,0,0,0,0
807,"0","0","0","广东省东莞市莞城街道愉景东方威尼斯广场君尚百货(东莞店)","0","0","0","0","0",0,0,1,4,3,23.03909825,113.7731777,0,0,0,0
808,"0","0","0","广东省东莞市清溪镇白石岗路5号","0","0","0","0","0",0,0,1,4,3,22.84670401,114.1592865,0,0,0,0
809,"0","0","0","广东省佛山市南海区大沥镇广云路50号嘉怡花园(沥西路)","0","0","0","0","0",0,0,1,4,3,23.11526775,113.1169399,0,0,0,0
810,"0","0","0","广东省佛山市顺德区勒流街道勒连西路23号","0","0","0","0","0",0,0,1,4,3,22.86402965,113.1398401,0,0,0,0
811,"0","0","0","广东省佛山市顺德区乐从镇刚中家塾","0","0","0","0","0",0,0,1,4,3,22.96629587,113.0906029,0,0,0,0
812,"0","0","0","广东省佛山市顺德区乐从镇怡乐路44号乐然居","0","0","0","0","0",0,0,1,4,3,22.96411796,113.0897185,0,0,0,0
813,"0","0","0","广东省佛山市顺德区乐从镇新马路乐从镇人民政府","0","0","0","0","0",0,0,1,4,3,22.95881496,113.0899638,0,0,0,0
814,"0","0","0","广东省佛山市顺德区龙江镇北华路","0","0","0","0","0",0,0,1,4,3,22.88967401,113.081987,0,0,0,0
815,"0","0","0","广东省佛山市南海区大沥镇育英路5号","0","0","0","0","0",0,0,1,4,3,23.11275168,113.1253912,0,0,0,0
816,"0","0","0","广东省佛山市顺德区乐从镇环村北路12号","0","0","0","0","0",0,0,1,4,3,22.96420705,113.0957859,0,0,0,0
817,"0","0","0","广东省佛山市顺德区乐从镇村头南大街9号","0","0","0","0","0",0,0,1,4,3,22.96049969,113.1071838,0,0,0,0
818,"0","0","0","广东省佛山市南海区狮山镇状元路新雅名轩","0","0","0","0","0",0,0,1,4,3,23.06367854,113.0570744,0,0,0,0
819,"0","0","0","广东省佛山市顺德区乐从镇帝锋国际公寓","0","0","0","0","0",0,0,1,4,3,22.96532138,113.0925684,0,0,0,0
820,"0","0","0","广东省佛山市禅城区石湾镇街道江湾三路中国陶瓷城","0","0","0","0","0",0,0,1,4,3,23.00958915,113.0856424,0,0,0,0
821,"0","0","0","广东省佛山市顺德区杏坛镇雁园大道26号","0","0","0","0","0",0,0,1,4,3,22.78982133,113.1641039,0,0,0,0
822,"0","0","0","广东省佛山市禅城区张槎街道张槎冲口新村大街","0","0","0","0","0",0,0,1,4,3,23.04181877,113.0883982,0,0,0,0
823,"0","0","0","广东省佛山市顺德区乐从镇小布村村工商业大道","0","0","0","0","0",0,0,1,4,3,22.96817917,113.0978671,0,0,0,0
824,"0","0","0","广东省佛山市禅城区石湾镇街道湖景路39号佛山华英学校","0","0","0","0","0",0,0,1,4,3,22.99456666,113.1409256,0,0,0,0
825,"0","0","0","广东省佛山市禅城区南庄镇健祥养生馆","0","0","0","0","0",0,0,1,4,3,22.97888202,113.0166506,0,0,0,0
826,"0","0","0","广东省佛山市顺德区乐从镇中国银行(顺德罗浮宫家具博览中心支行)罗浮宫国际家具博览中心","0","0","0","0","0",0,0,1,4,3,22.94563836,113.0900415,0,0,0,0
827,"0","0","0","广东省佛山市南海区桂城街道海八东路辅路保利花园2期","0","0","0","0","0",0,0,1,4,3,23.06667235,113.1548703,0,0,0,0
828,"0","0","0","广东省东莞市南城街道鸿福路地铁站G口东莞国际会展中心","0","0","0","0","0",0,0,1,4,3,23.01280811,113.7603122,0,0,0,0
829,"0","0","0","广东省佛山市三水区西南街道G55二广高速","0","0","0","0","0",0,0,1,4,3,23.17903001,112.8761925,0,0,0,0
830,"0","0","0","广东省佛山市南海区大沥镇步头路","0","0","0","0","0",0,0,1,4,3,23.12341113,113.1517748,0,0,0,0
831,"0","0","0","广东省佛山市禅城区祖庙街道鸿进彩印厂","0","0","0","0","0",0,0,1,4,3,23.0440624,113.125784,0,0,0,0
832,"0","0","0","广东省佛山市顺德区大良街道东乐路","0","0","0","0","0",0,0,1,4,3,22.8332624,113.2801516,0,0,0,0
833,"0","0","0","广东省东莞市长安镇德政东路50-91号","0","0","0","0","0",0,0,1,4,3,22.81467597,113.8277312,0,0,0,0
834,"0","0","0","广东省东莞市东城街道樟村居民搬迁安置小区1期","0","0","0","0","0",0,0,1,4,3,23.06367398,113.7711884,0,0,0,0
835,"0","0","0","广东省佛山市南海区大沥镇明呵里2号楼","0","0","0","0","0",0,0,1,4,3,23.12329431,113.1103823,0,0,0,0
